sk_data,data,ano,mes,dia,dia_semana,nome_dia_semana,nome_mes,ano_mes,trimestre
1,2011-01-01,2011,1,1,6,Saturday,January,2011-01,1
2,2011-01-02,2011,1,2,7,Sunday,January,2011-01,1
3,2011-01-03,2011,1,3,1,Monday,January,2011-01,1
4,2011-01-04,2011,1,4,2,Tuesday,January,2011-01,1
5,2011-01-05,2011,1,5,3,Wednesday,January,2011-01,1
6,2011-01-06,2011,1,6,4,Thursday,January,2011-01,1
7,2011-01-07,2011,1,7,5,Friday,January,2011-01,1
8,2011-01-08,2011,1,8,6,Saturday,January,2011-01,1
9,2011-01-09,2011,1,9,7,Sunday,January,2011-01,1
10,2011-01-10,2011,1,10,1,Monday,January,2011-01,1
11,2011-01-11,2011,1,11,2,Tuesday,January,2011-01,1
12,2011-01-12,2011,1,12,3,Wednesday,January,2011-01,1
13,2011-01-13,2011,1,13,4,Thursday,January,2011-01,1
14,2011-01-14,2011,1,14,5,Friday,January,2011-01,1
15,2011-01-15,2011,1,15,6,Saturday,January,2011-01,1
16,2011-01-16,2011,1,16,7,Sunday,January,2011-01,1
17,2011-01-17,2011,1,17,1,Monday,January,2011-01,1
18,2011-01-18,2011,1,18,2,Tuesday,January,2011-01,1
19,2011-01-19,2011,1,19,3,Wednesday,January,2011-01,1
20,2011-01-20,2011,1,20,4,Thursday,January,2011-01,1
21,2011-01-21,2011,1,21,5,Friday,January,2011-01,1
22,2011-01-22,2011,1,22,6,Saturday,January,2011-01,1
23,2011-01-23,2011,1,23,7,Sunday,January,2011-01,1
24,2011-01-24,2011,1,24,1,Monday,January,2011-01,1
25,2011-01-25,2011,1,25,2,Tuesday,January,2011-01,1
26,2011-01-26,2011,1,26,3,Wednesday,January,2011-01,1
27,2011-01-27,2011,1,27,4,Thursday,January,2011-01,1
28,2011-01-28,2011,1,28,5,Friday,January,2011-01,1
29,2011-01-29,2011,1,29,6,Saturday,January,2011-01,1
30,2011-01-30,2011,1,30,7,Sunday,January,2011-01,1
31,2011-01-31,2011,1,31,1,Monday,January,2011-01,1
32,2011-02-01,2011,2,1,2,Tuesday,February,2011-02,1
33,2011-02-02,2011,2,2,3,Wednesday,February,2011-02,1
34,2011-02-03,2011,2,3,4,Thursday,February,2011-02,1
35,2011-02-04,2011,2,4,5,Friday,February,2011-02,1
36,2011-02-05,2011,2,5,6,Saturday,February,2011-02,1
37,2011-02-06,2011,2,6,7,Sunday,February,2011-02,1
38,2011-02-07,2011,2,7,1,Monday,February,2011-02,1
39,2011-02-08,2011,2,8,2,Tuesday,February,2011-02,1
40,2011-02-09,2011,2,9,3,Wednesday,February,2011-02,1
41,2011-02-10,2011,2,10,4,Thursday,February,2011-02,1
42,2011-02-11,2011,2,11,5,Friday,February,2011-02,1
43,2011-02-12,2011,2,12,6,Saturday,February,2011-02,1
44,2011-02-13,2011,2,13,7,Sunday,February,2011-02,1
45,2011-02-14,2011,2,14,1,Monday,February,2011-02,1
46,2011-02-15,2011,2,15,2,Tuesday,February,2011-02,1
47,2011-02-16,2011,2,16,3,Wednesday,February,2011-02,1
48,2011-02-17,2011,2,17,4,Thursday,February,2011-02,1
49,2011-02-18,2011,2,18,5,Friday,February,2011-02,1
50,2011-02-19,2011,2,19,6,Saturday,February,2011-02,1
51,2011-02-20,2011,2,20,7,Sunday,February,2011-02,1
52,2011-02-21,2011,2,21,1,Monday,February,2011-02,1
53,2011-02-22,2011,2,22,2,Tuesday,February,2011-02,1
54,2011-02-23,2011,2,23,3,Wednesday,February,2011-02,1
55,2011-02-24,2011,2,24,4,Thursday,February,2011-02,1
56,2011-02-25,2011,2,25,5,Friday,February,2011-02,1
57,2011-02-26,2011,2,26,6,Saturday,February,2011-02,1
58,2011-02-27,2011,2,27,7,Sunday,February,2011-02,1
59,2011-02-28,2011,2,28,1,Monday,February,2011-02,1
60,2011-03-01,2011,3,1,2,Tuesday,March,2011-03,1
61,2011-03-02,2011,3,2,3,Wednesday,March,2011-03,1
62,2011-03-03,2011,3,3,4,Thursday,March,2011-03,1
63,2011-03-04,2011,3,4,5,Friday,March,2011-03,1
64,2011-03-05,2011,3,5,6,Saturday,March,2011-03,1
65,2011-03-06,2011,3,6,7,Sunday,March,2011-03,1
66,2011-03-07,2011,3,7,1,Monday,March,2011-03,1
67,2011-03-08,2011,3,8,2,Tuesday,March,2011-03,1
68,2011-03-09,2011,3,9,3,Wednesday,March,2011-03,1
69,2011-03-10,2011,3,10,4,Thursday,March,2011-03,1
70,2011-03-11,2011,3,11,5,Friday,March,2011-03,1
71,2011-03-12,2011,3,12,6,Saturday,March,2011-03,1
72,2011-03-13,2011,3,13,7,Sunday,March,2011-03,1
73,2011-03-14,2011,3,14,1,Monday,March,2011-03,1
74,2011-03-15,2011,3,15,2,Tuesday,March,2011-03,1
75,2011-03-16,2011,3,16,3,Wednesday,March,2011-03,1
76,2011-03-17,2011,3,17,4,Thursday,March,2011-03,1
77,2011-03-18,2011,3,18,5,Friday,March,2011-03,1
78,2011-03-19,2011,3,19,6,Saturday,March,2011-03,1
79,2011-03-20,2011,3,20,7,Sunday,March,2011-03,1
80,2011-03-21,2011,3,21,1,Monday,March,2011-03,1
81,2011-03-22,2011,3,22,2,Tuesday,March,2011-03,1
82,2011-03-23,2011,3,23,3,Wednesday,March,2011-03,1
83,2011-03-24,2011,3,24,4,Thursday,March,2011-03,1
84,2011-03-25,2011,3,25,5,Friday,March,2011-03,1
85,2011-03-26,2011,3,26,6,Saturday,March,2011-03,1
86,2011-03-27,2011,3,27,7,Sunday,March,2011-03,1
87,2011-03-28,2011,3,28,1,Monday,March,2011-03,1
88,2011-03-29,2011,3,29,2,Tuesday,March,2011-03,1
89,2011-03-30,2011,3,30,3,Wednesday,March,2011-03,1
90,2011-03-31,2011,3,31,4,Thursday,March,2011-03,1
91,2011-04-01,2011,4,1,5,Friday,April,2011-04,2
92,2011-04-02,2011,4,2,6,Saturday,April,2011-04,2
93,2011-04-03,2011,4,3,7,Sunday,April,2011-04,2
94,2011-04-04,2011,4,4,1,Monday,April,2011-04,2
95,2011-04-05,2011,4,5,2,Tuesday,April,2011-04,2
96,2011-04-06,2011,4,6,3,Wednesday,April,2011-04,2
97,2011-04-07,2011,4,7,4,Thursday,April,2011-04,2
98,2011-04-08,2011,4,8,5,Friday,April,2011-04,2
99,2011-04-09,2011,4,9,6,Saturday,April,2011-04,2
100,2011-04-10,2011,4,10,7,Sunday,April,2011-04,2
101,2011-04-11,2011,4,11,1,Monday,April,2011-04,2
102,2011-04-12,2011,4,12,2,Tuesday,April,2011-04,2
103,2011-04-13,2011,4,13,3,Wednesday,April,2011-04,2
104,2011-04-14,2011,4,14,4,Thursday,April,2011-04,2
105,2011-04-15,2011,4,15,5,Friday,April,2011-04,2
106,2011-04-16,2011,4,16,6,Saturday,April,2011-04,2
107,2011-04-17,2011,4,17,7,Sunday,April,2011-04,2
108,2011-04-18,2011,4,18,1,Monday,April,2011-04,2
109,2011-04-19,2011,4,19,2,Tuesday,April,2011-04,2
110,2011-04-20,2011,4,20,3,Wednesday,April,2011-04,2
111,2011-04-21,2011,4,21,4,Thursday,April,2011-04,2
112,2011-04-22,2011,4,22,5,Friday,April,2011-04,2
113,2011-04-23,2011,4,23,6,Saturday,April,2011-04,2
114,2011-04-24,2011,4,24,7,Sunday,April,2011-04,2
115,2011-04-25,2011,4,25,1,Monday,April,2011-04,2
116,2011-04-26,2011,4,26,2,Tuesday,April,2011-04,2
117,2011-04-27,2011,4,27,3,Wednesday,April,2011-04,2
118,2011-04-28,2011,4,28,4,Thursday,April,2011-04,2
119,2011-04-29,2011,4,29,5,Friday,April,2011-04,2
120,2011-04-30,2011,4,30,6,Saturday,April,2011-04,2
121,2011-05-01,2011,5,1,7,Sunday,May,2011-05,2
122,2011-05-02,2011,5,2,1,Monday,May,2011-05,2
123,2011-05-03,2011,5,3,2,Tuesday,May,2011-05,2
124,2011-05-04,2011,5,4,3,Wednesday,May,2011-05,2
125,2011-05-05,2011,5,5,4,Thursday,May,2011-05,2
126,2011-05-06,2011,5,6,5,Friday,May,2011-05,2
127,2011-05-07,2011,5,7,6,Saturday,May,2011-05,2
128,2011-05-08,2011,5,8,7,Sunday,May,2011-05,2
129,2011-05-09,2011,5,9,1,Monday,May,2011-05,2
130,2011-05-10,2011,5,10,2,Tuesday,May,2011-05,2
131,2011-05-11,2011,5,11,3,Wednesday,May,2011-05,2
132,2011-05-12,2011,5,12,4,Thursday,May,2011-05,2
133,2011-05-13,2011,5,13,5,Friday,May,2011-05,2
134,2011-05-14,2011,5,14,6,Saturday,May,2011-05,2
135,2011-05-15,2011,5,15,7,Sunday,May,2011-05,2
136,2011-05-16,2011,5,16,1,Monday,May,2011-05,2
137,2011-05-17,2011,5,17,2,Tuesday,May,2011-05,2
138,2011-05-18,2011,5,18,3,Wednesday,May,2011-05,2
139,2011-05-19,2011,5,19,4,Thursday,May,2011-05,2
140,2011-05-20,2011,5,20,5,Friday,May,2011-05,2
141,2011-05-21,2011,5,21,6,Saturday,May,2011-05,2
142,2011-05-22,2011,5,22,7,Sunday,May,2011-05,2
143,2011-05-23,2011,5,23,1,Monday,May,2011-05,2
144,2011-05-24,2011,5,24,2,Tuesday,May,2011-05,2
145,2011-05-25,2011,5,25,3,Wednesday,May,2011-05,2
146,2011-05-26,2011,5,26,4,Thursday,May,2011-05,2
147,2011-05-27,2011,5,27,5,Friday,May,2011-05,2
148,2011-05-28,2011,5,28,6,Saturday,May,2011-05,2
149,2011-05-29,2011,5,29,7,Sunday,May,2011-05,2
150,2011-05-30,2011,5,30,1,Monday,May,2011-05,2
151,2011-05-31,2011,5,31,2,Tuesday,May,2011-05,2
152,2011-06-01,2011,6,1,3,Wednesday,June,2011-06,2
153,2011-06-02,2011,6,2,4,Thursday,June,2011-06,2
154,2011-06-03,2011,6,3,5,Friday,June,2011-06,2
155,2011-06-04,2011,6,4,6,Saturday,June,2011-06,2
156,2011-06-05,2011,6,5,7,Sunday,June,2011-06,2
157,2011-06-06,2011,6,6,1,Monday,June,2011-06,2
158,2011-06-07,2011,6,7,2,Tuesday,June,2011-06,2
159,2011-06-08,2011,6,8,3,Wednesday,June,2011-06,2
160,2011-06-09,2011,6,9,4,Thursday,June,2011-06,2
161,2011-06-10,2011,6,10,5,Friday,June,2011-06,2
162,2011-06-11,2011,6,11,6,Saturday,June,2011-06,2
163,2011-06-12,2011,6,12,7,Sunday,June,2011-06,2
164,2011-06-13,2011,6,13,1,Monday,June,2011-06,2
165,2011-06-14,2011,6,14,2,Tuesday,June,2011-06,2
166,2011-06-15,2011,6,15,3,Wednesday,June,2011-06,2
167,2011-06-16,2011,6,16,4,Thursday,June,2011-06,2
168,2011-06-17,2011,6,17,5,Friday,June,2011-06,2
169,2011-06-18,2011,6,18,6,Saturday,June,2011-06,2
170,2011-06-19,2011,6,19,7,Sunday,June,2011-06,2
171,2011-06-20,2011,6,20,1,Monday,June,2011-06,2
172,2011-06-21,2011,6,21,2,Tuesday,June,2011-06,2
173,2011-06-22,2011,6,22,3,Wednesday,June,2011-06,2
174,2011-06-23,2011,6,23,4,Thursday,June,2011-06,2
175,2011-06-24,2011,6,24,5,Friday,June,2011-06,2
176,2011-06-25,2011,6,25,6,Saturday,June,2011-06,2
177,2011-06-26,2011,6,26,7,Sunday,June,2011-06,2
178,2011-06-27,2011,6,27,1,Monday,June,2011-06,2
179,2011-06-28,2011,6,28,2,Tuesday,June,2011-06,2
180,2011-06-29,2011,6,29,3,Wednesday,June,2011-06,2
181,2011-06-30,2011,6,30,4,Thursday,June,2011-06,2
182,2011-07-01,2011,7,1,5,Friday,July,2011-07,3
183,2011-07-02,2011,7,2,6,Saturday,July,2011-07,3
184,2011-07-03,2011,7,3,7,Sunday,July,2011-07,3
185,2011-07-04,2011,7,4,1,Monday,July,2011-07,3
186,2011-07-05,2011,7,5,2,Tuesday,July,2011-07,3
187,2011-07-06,2011,7,6,3,Wednesday,July,2011-07,3
188,2011-07-07,2011,7,7,4,Thursday,July,2011-07,3
189,2011-07-08,2011,7,8,5,Friday,July,2011-07,3
190,2011-07-09,2011,7,9,6,Saturday,July,2011-07,3
191,2011-07-10,2011,7,10,7,Sunday,July,2011-07,3
192,2011-07-11,2011,7,11,1,Monday,July,2011-07,3
193,2011-07-12,2011,7,12,2,Tuesday,July,2011-07,3
194,2011-07-13,2011,7,13,3,Wednesday,July,2011-07,3
195,2011-07-14,2011,7,14,4,Thursday,July,2011-07,3
196,2011-07-15,2011,7,15,5,Friday,July,2011-07,3
197,2011-07-16,2011,7,16,6,Saturday,July,2011-07,3
198,2011-07-17,2011,7,17,7,Sunday,July,2011-07,3
199,2011-07-18,2011,7,18,1,Monday,July,2011-07,3
200,2011-07-19,2011,7,19,2,Tuesday,July,2011-07,3
201,2011-07-20,2011,7,20,3,Wednesday,July,2011-07,3
202,2011-07-21,2011,7,21,4,Thursday,July,2011-07,3
203,2011-07-22,2011,7,22,5,Friday,July,2011-07,3
204,2011-07-23,2011,7,23,6,Saturday,July,2011-07,3
205,2011-07-24,2011,7,24,7,Sunday,July,2011-07,3
206,2011-07-25,2011,7,25,1,Monday,July,2011-07,3
207,2011-07-26,2011,7,26,2,Tuesday,July,2011-07,3
208,2011-07-27,2011,7,27,3,Wednesday,July,2011-07,3
209,2011-07-28,2011,7,28,4,Thursday,July,2011-07,3
210,2011-07-29,2011,7,29,5,Friday,July,2011-07,3
211,2011-07-30,2011,7,30,6,Saturday,July,2011-07,3
212,2011-07-31,2011,7,31,7,Sunday,July,2011-07,3
213,2011-08-01,2011,8,1,1,Monday,August,2011-08,3
214,2011-08-02,2011,8,2,2,Tuesday,August,2011-08,3
215,2011-08-03,2011,8,3,3,Wednesday,August,2011-08,3
216,2011-08-04,2011,8,4,4,Thursday,August,2011-08,3
217,2011-08-05,2011,8,5,5,Friday,August,2011-08,3
218,2011-08-06,2011,8,6,6,Saturday,August,2011-08,3
219,2011-08-07,2011,8,7,7,Sunday,August,2011-08,3
220,2011-08-08,2011,8,8,1,Monday,August,2011-08,3
221,2011-08-09,2011,8,9,2,Tuesday,August,2011-08,3
222,2011-08-10,2011,8,10,3,Wednesday,August,2011-08,3
223,2011-08-11,2011,8,11,4,Thursday,August,2011-08,3
224,2011-08-12,2011,8,12,5,Friday,August,2011-08,3
225,2011-08-13,2011,8,13,6,Saturday,August,2011-08,3
226,2011-08-14,2011,8,14,7,Sunday,August,2011-08,3
227,2011-08-15,2011,8,15,1,Monday,August,2011-08,3
228,2011-08-16,2011,8,16,2,Tuesday,August,2011-08,3
229,2011-08-17,2011,8,17,3,Wednesday,August,2011-08,3
230,2011-08-18,2011,8,18,4,Thursday,August,2011-08,3
231,2011-08-19,2011,8,19,5,Friday,August,2011-08,3
232,2011-08-20,2011,8,20,6,Saturday,August,2011-08,3
233,2011-08-21,2011,8,21,7,Sunday,August,2011-08,3
234,2011-08-22,2011,8,22,1,Monday,August,2011-08,3
235,2011-08-23,2011,8,23,2,Tuesday,August,2011-08,3
236,2011-08-24,2011,8,24,3,Wednesday,August,2011-08,3
237,2011-08-25,2011,8,25,4,Thursday,August,2011-08,3
238,2011-08-26,2011,8,26,5,Friday,August,2011-08,3
239,2011-08-27,2011,8,27,6,Saturday,August,2011-08,3
240,2011-08-28,2011,8,28,7,Sunday,August,2011-08,3
241,2011-08-29,2011,8,29,1,Monday,August,2011-08,3
242,2011-08-30,2011,8,30,2,Tuesday,August,2011-08,3
243,2011-08-31,2011,8,31,3,Wednesday,August,2011-08,3
244,2011-09-01,2011,9,1,4,Thursday,September,2011-09,3
245,2011-09-02,2011,9,2,5,Friday,September,2011-09,3
246,2011-09-03,2011,9,3,6,Saturday,September,2011-09,3
247,2011-09-04,2011,9,4,7,Sunday,September,2011-09,3
248,2011-09-05,2011,9,5,1,Monday,September,2011-09,3
249,2011-09-06,2011,9,6,2,Tuesday,September,2011-09,3
250,2011-09-07,2011,9,7,3,Wednesday,September,2011-09,3
251,2011-09-08,2011,9,8,4,Thursday,September,2011-09,3
252,2011-09-09,2011,9,9,5,Friday,September,2011-09,3
253,2011-09-10,2011,9,10,6,Saturday,September,2011-09,3
254,2011-09-11,2011,9,11,7,Sunday,September,2011-09,3
255,2011-09-12,2011,9,12,1,Monday,September,2011-09,3
256,2011-09-13,2011,9,13,2,Tuesday,September,2011-09,3
257,2011-09-14,2011,9,14,3,Wednesday,September,2011-09,3
258,2011-09-15,2011,9,15,4,Thursday,September,2011-09,3
259,2011-09-16,2011,9,16,5,Friday,September,2011-09,3
260,2011-09-17,2011,9,17,6,Saturday,September,2011-09,3
261,2011-09-18,2011,9,18,7,Sunday,September,2011-09,3
262,2011-09-19,2011,9,19,1,Monday,September,2011-09,3
263,2011-09-20,2011,9,20,2,Tuesday,September,2011-09,3
264,2011-09-21,2011,9,21,3,Wednesday,September,2011-09,3
265,2011-09-22,2011,9,22,4,Thursday,September,2011-09,3
266,2011-09-23,2011,9,23,5,Friday,September,2011-09,3
267,2011-09-24,2011,9,24,6,Saturday,September,2011-09,3
268,2011-09-25,2011,9,25,7,Sunday,September,2011-09,3
269,2011-09-26,2011,9,26,1,Monday,September,2011-09,3
270,2011-09-27,2011,9,27,2,Tuesday,September,2011-09,3
271,2011-09-28,2011,9,28,3,Wednesday,September,2011-09,3
272,2011-09-29,2011,9,29,4,Thursday,September,2011-09,3
273,2011-09-30,2011,9,30,5,Friday,September,2011-09,3
274,2011-10-01,2011,10,1,6,Saturday,October,2011-10,4
275,2011-10-02,2011,10,2,7,Sunday,October,2011-10,4
276,2011-10-03,2011,10,3,1,Monday,October,2011-10,4
277,2011-10-04,2011,10,4,2,Tuesday,October,2011-10,4
278,2011-10-05,2011,10,5,3,Wednesday,October,2011-10,4
279,2011-10-06,2011,10,6,4,Thursday,October,2011-10,4
280,2011-10-07,2011,10,7,5,Friday,October,2011-10,4
281,2011-10-08,2011,10,8,6,Saturday,October,2011-10,4
282,2011-10-09,2011,10,9,7,Sunday,October,2011-10,4
283,2011-10-10,2011,10,10,1,Monday,October,2011-10,4
284,2011-10-11,2011,10,11,2,Tuesday,October,2011-10,4
285,2011-10-12,2011,10,12,3,Wednesday,October,2011-10,4
286,2011-10-13,2011,10,13,4,Thursday,October,2011-10,4
287,2011-10-14,2011,10,14,5,Friday,October,2011-10,4
288,2011-10-15,2011,10,15,6,Saturday,October,2011-10,4
289,2011-10-16,2011,10,16,7,Sunday,October,2011-10,4
290,2011-10-17,2011,10,17,1,Monday,October,2011-10,4
291,2011-10-18,2011,10,18,2,Tuesday,October,2011-10,4
292,2011-10-19,2011,10,19,3,Wednesday,October,2011-10,4
293,2011-10-20,2011,10,20,4,Thursday,October,2011-10,4
294,2011-10-21,2011,10,21,5,Friday,October,2011-10,4
295,2011-10-22,2011,10,22,6,Saturday,October,2011-10,4
296,2011-10-23,2011,10,23,7,Sunday,October,2011-10,4
297,2011-10-24,2011,10,24,1,Monday,October,2011-10,4
298,2011-10-25,2011,10,25,2,Tuesday,October,2011-10,4
299,2011-10-26,2011,10,26,3,Wednesday,October,2011-10,4
300,2011-10-27,2011,10,27,4,Thursday,October,2011-10,4
301,2011-10-28,2011,10,28,5,Friday,October,2011-10,4
302,2011-10-29,2011,10,29,6,Saturday,October,2011-10,4
303,2011-10-30,2011,10,30,7,Sunday,October,2011-10,4
304,2011-10-31,2011,10,31,1,Monday,October,2011-10,4
305,2011-11-01,2011,11,1,2,Tuesday,November,2011-11,4
306,2011-11-02,2011,11,2,3,Wednesday,November,2011-11,4
307,2011-11-03,2011,11,3,4,Thursday,November,2011-11,4
308,2011-11-04,2011,11,4,5,Friday,November,2011-11,4
309,2011-11-05,2011,11,5,6,Saturday,November,2011-11,4
310,2011-11-06,2011,11,6,7,Sunday,November,2011-11,4
311,2011-11-07,2011,11,7,1,Monday,November,2011-11,4
312,2011-11-08,2011,11,8,2,Tuesday,November,2011-11,4
313,2011-11-09,2011,11,9,3,Wednesday,November,2011-11,4
314,2011-11-10,2011,11,10,4,Thursday,November,2011-11,4
315,2011-11-11,2011,11,11,5,Friday,November,2011-11,4
316,2011-11-12,2011,11,12,6,Saturday,November,2011-11,4
317,2011-11-13,2011,11,13,7,Sunday,November,2011-11,4
318,2011-11-14,2011,11,14,1,Monday,November,2011-11,4
319,2011-11-15,2011,11,15,2,Tuesday,November,2011-11,4
320,2011-11-16,2011,11,16,3,Wednesday,November,2011-11,4
321,2011-11-17,2011,11,17,4,Thursday,November,2011-11,4
322,2011-11-18,2011,11,18,5,Friday,November,2011-11,4
323,2011-11-19,2011,11,19,6,Saturday,November,2011-11,4
324,2011-11-20,2011,11,20,7,Sunday,November,2011-11,4
325,2011-11-21,2011,11,21,1,Monday,November,2011-11,4
326,2011-11-22,2011,11,22,2,Tuesday,November,2011-11,4
327,2011-11-23,2011,11,23,3,Wednesday,November,2011-11,4
328,2011-11-24,2011,11,24,4,Thursday,November,2011-11,4
329,2011-11-25,2011,11,25,5,Friday,November,2011-11,4
330,2011-11-26,2011,11,26,6,Saturday,November,2011-11,4
331,2011-11-27,2011,11,27,7,Sunday,November,2011-11,4
332,2011-11-28,2011,11,28,1,Monday,November,2011-11,4
333,2011-11-29,2011,11,29,2,Tuesday,November,2011-11,4
334,2011-11-30,2011,11,30,3,Wednesday,November,2011-11,4
335,2011-12-01,2011,12,1,4,Thursday,December,2011-12,4
336,2011-12-02,2011,12,2,5,Friday,December,2011-12,4
337,2011-12-03,2011,12,3,6,Saturday,December,2011-12,4
338,2011-12-04,2011,12,4,7,Sunday,December,2011-12,4
339,2011-12-05,2011,12,5,1,Monday,December,2011-12,4
340,2011-12-06,2011,12,6,2,Tuesday,December,2011-12,4
341,2011-12-07,2011,12,7,3,Wednesday,December,2011-12,4
342,2011-12-08,2011,12,8,4,Thursday,December,2011-12,4
343,2011-12-09,2011,12,9,5,Friday,December,2011-12,4
344,2011-12-10,2011,12,10,6,Saturday,December,2011-12,4
345,2011-12-11,2011,12,11,7,Sunday,December,2011-12,4
346,2011-12-12,2011,12,12,1,Monday,December,2011-12,4
347,2011-12-13,2011,12,13,2,Tuesday,December,2011-12,4
348,2011-12-14,2011,12,14,3,Wednesday,December,2011-12,4
349,2011-12-15,2011,12,15,4,Thursday,December,2011-12,4
350,2011-12-16,2011,12,16,5,Friday,December,2011-12,4
351,2011-12-17,2011,12,17,6,Saturday,December,2011-12,4
352,2011-12-18,2011,12,18,7,Sunday,December,2011-12,4
353,2011-12-19,2011,12,19,1,Monday,December,2011-12,4
354,2011-12-20,2011,12,20,2,Tuesday,December,2011-12,4
355,2011-12-21,2011,12,21,3,Wednesday,December,2011-12,4
356,2011-12-22,2011,12,22,4,Thursday,December,2011-12,4
357,2011-12-23,2011,12,23,5,Friday,December,2011-12,4
358,2011-12-24,2011,12,24,6,Saturday,December,2011-12,4
359,2011-12-25,2011,12,25,7,Sunday,December,2011-12,4
360,2011-12-26,2011,12,26,1,Monday,December,2011-12,4
361,2011-12-27,2011,12,27,2,Tuesday,December,2011-12,4
362,2011-12-28,2011,12,28,3,Wednesday,December,2011-12,4
363,2011-12-29,2011,12,29,4,Thursday,December,2011-12,4
364,2011-12-30,2011,12,30,5,Friday,December,2011-12,4
365,2011-12-31,2011,12,31,6,Saturday,December,2011-12,4
366,2012-01-01,2012,1,1,7,Sunday,January,2012-01,1
367,2012-01-02,2012,1,2,1,Monday,January,2012-01,1
368,2012-01-03,2012,1,3,2,Tuesday,January,2012-01,1
369,2012-01-04,2012,1,4,3,Wednesday,January,2012-01,1
370,2012-01-05,2012,1,5,4,Thursday,January,2012-01,1
371,2012-01-06,2012,1,6,5,Friday,January,2012-01,1
372,2012-01-07,2012,1,7,6,Saturday,January,2012-01,1
373,2012-01-08,2012,1,8,7,Sunday,January,2012-01,1
374,2012-01-09,2012,1,9,1,Monday,January,2012-01,1
375,2012-01-10,2012,1,10,2,Tuesday,January,2012-01,1
376,2012-01-11,2012,1,11,3,Wednesday,January,2012-01,1
377,2012-01-12,2012,1,12,4,Thursday,January,2012-01,1
378,2012-01-13,2012,1,13,5,Friday,January,2012-01,1
379,2012-01-14,2012,1,14,6,Saturday,January,2012-01,1
380,2012-01-15,2012,1,15,7,Sunday,January,2012-01,1
381,2012-01-16,2012,1,16,1,Monday,January,2012-01,1
382,2012-01-17,2012,1,17,2,Tuesday,January,2012-01,1
383,2012-01-18,2012,1,18,3,Wednesday,January,2012-01,1
384,2012-01-19,2012,1,19,4,Thursday,January,2012-01,1
385,2012-01-20,2012,1,20,5,Friday,January,2012-01,1
386,2012-01-21,2012,1,21,6,Saturday,January,2012-01,1
387,2012-01-22,2012,1,22,7,Sunday,January,2012-01,1
388,2012-01-23,2012,1,23,1,Monday,January,2012-01,1
389,2012-01-24,2012,1,24,2,Tuesday,January,2012-01,1
390,2012-01-25,2012,1,25,3,Wednesday,January,2012-01,1
391,2012-01-26,2012,1,26,4,Thursday,January,2012-01,1
392,2012-01-27,2012,1,27,5,Friday,January,2012-01,1
393,2012-01-28,2012,1,28,6,Saturday,January,2012-01,1
394,2012-01-29,2012,1,29,7,Sunday,January,2012-01,1
395,2012-01-30,2012,1,30,1,Monday,January,2012-01,1
396,2012-01-31,2012,1,31,2,Tuesday,January,2012-01,1
397,2012-02-01,2012,2,1,3,Wednesday,February,2012-02,1
398,2012-02-02,2012,2,2,4,Thursday,February,2012-02,1
399,2012-02-03,2012,2,3,5,Friday,February,2012-02,1
400,2012-02-04,2012,2,4,6,Saturday,February,2012-02,1
401,2012-02-05,2012,2,5,7,Sunday,February,2012-02,1
402,2012-02-06,2012,2,6,1,Monday,February,2012-02,1
403,2012-02-07,2012,2,7,2,Tuesday,February,2012-02,1
404,2012-02-08,2012,2,8,3,Wednesday,February,2012-02,1
405,2012-02-09,2012,2,9,4,Thursday,February,2012-02,1
406,2012-02-10,2012,2,10,5,Friday,February,2012-02,1
407,2012-02-11,2012,2,11,6,Saturday,February,2012-02,1
408,2012-02-12,2012,2,12,7,Sunday,February,2012-02,1
409,2012-02-13,2012,2,13,1,Monday,February,2012-02,1
410,2012-02-14,2012,2,14,2,Tuesday,February,2012-02,1
411,2012-02-15,2012,2,15,3,Wednesday,February,2012-02,1
412,2012-02-16,2012,2,16,4,Thursday,February,2012-02,1
413,2012-02-17,2012,2,17,5,Friday,February,2012-02,1
414,2012-02-18,2012,2,18,6,Saturday,February,2012-02,1
415,2012-02-19,2012,2,19,7,Sunday,February,2012-02,1
416,2012-02-20,2012,2,20,1,Monday,February,2012-02,1
417,2012-02-21,2012,2,21,2,Tuesday,February,2012-02,1
418,2012-02-22,2012,2,22,3,Wednesday,February,2012-02,1
419,2012-02-23,2012,2,23,4,Thursday,February,2012-02,1
420,2012-02-24,2012,2,24,5,Friday,February,2012-02,1
421,2012-02-25,2012,2,25,6,Saturday,February,2012-02,1
422,2012-02-26,2012,2,26,7,Sunday,February,2012-02,1
423,2012-02-27,2012,2,27,1,Monday,February,2012-02,1
424,2012-02-28,2012,2,28,2,Tuesday,February,2012-02,1
425,2012-02-29,2012,2,29,3,Wednesday,February,2012-02,1
426,2012-03-01,2012,3,1,4,Thursday,March,2012-03,1
427,2012-03-02,2012,3,2,5,Friday,March,2012-03,1
428,2012-03-03,2012,3,3,6,Saturday,March,2012-03,1
429,2012-03-04,2012,3,4,7,Sunday,March,2012-03,1
430,2012-03-05,2012,3,5,1,Monday,March,2012-03,1
431,2012-03-06,2012,3,6,2,Tuesday,March,2012-03,1
432,2012-03-07,2012,3,7,3,Wednesday,March,2012-03,1
433,2012-03-08,2012,3,8,4,Thursday,March,2012-03,1
434,2012-03-09,2012,3,9,5,Friday,March,2012-03,1
435,2012-03-10,2012,3,10,6,Saturday,March,2012-03,1
436,2012-03-11,2012,3,11,7,Sunday,March,2012-03,1
437,2012-03-12,2012,3,12,1,Monday,March,2012-03,1
438,2012-03-13,2012,3,13,2,Tuesday,March,2012-03,1
439,2012-03-14,2012,3,14,3,Wednesday,March,2012-03,1
440,2012-03-15,2012,3,15,4,Thursday,March,2012-03,1
441,2012-03-16,2012,3,16,5,Friday,March,2012-03,1
442,2012-03-17,2012,3,17,6,Saturday,March,2012-03,1
443,2012-03-18,2012,3,18,7,Sunday,March,2012-03,1
444,2012-03-19,2012,3,19,1,Monday,March,2012-03,1
445,2012-03-20,2012,3,20,2,Tuesday,March,2012-03,1
446,2012-03-21,2012,3,21,3,Wednesday,March,2012-03,1
447,2012-03-22,2012,3,22,4,Thursday,March,2012-03,1
448,2012-03-23,2012,3,23,5,Friday,March,2012-03,1
449,2012-03-24,2012,3,24,6,Saturday,March,2012-03,1
450,2012-03-25,2012,3,25,7,Sunday,March,2012-03,1
451,2012-03-26,2012,3,26,1,Monday,March,2012-03,1
452,2012-03-27,2012,3,27,2,Tuesday,March,2012-03,1
453,2012-03-28,2012,3,28,3,Wednesday,March,2012-03,1
454,2012-03-29,2012,3,29,4,Thursday,March,2012-03,1
455,2012-03-30,2012,3,30,5,Friday,March,2012-03,1
456,2012-03-31,2012,3,31,6,Saturday,March,2012-03,1
457,2012-04-01,2012,4,1,7,Sunday,April,2012-04,2
458,2012-04-02,2012,4,2,1,Monday,April,2012-04,2
459,2012-04-03,2012,4,3,2,Tuesday,April,2012-04,2
460,2012-04-04,2012,4,4,3,Wednesday,April,2012-04,2
461,2012-04-05,2012,4,5,4,Thursday,April,2012-04,2
462,2012-04-06,2012,4,6,5,Friday,April,2012-04,2
463,2012-04-07,2012,4,7,6,Saturday,April,2012-04,2
464,2012-04-08,2012,4,8,7,Sunday,April,2012-04,2
465,2012-04-09,2012,4,9,1,Monday,April,2012-04,2
466,2012-04-10,2012,4,10,2,Tuesday,April,2012-04,2
467,2012-04-11,2012,4,11,3,Wednesday,April,2012-04,2
468,2012-04-12,2012,4,12,4,Thursday,April,2012-04,2
469,2012-04-13,2012,4,13,5,Friday,April,2012-04,2
470,2012-04-14,2012,4,14,6,Saturday,April,2012-04,2
471,2012-04-15,2012,4,15,7,Sunday,April,2012-04,2
472,2012-04-16,2012,4,16,1,Monday,April,2012-04,2
473,2012-04-17,2012,4,17,2,Tuesday,April,2012-04,2
474,2012-04-18,2012,4,18,3,Wednesday,April,2012-04,2
475,2012-04-19,2012,4,19,4,Thursday,April,2012-04,2
476,2012-04-20,2012,4,20,5,Friday,April,2012-04,2
477,2012-04-21,2012,4,21,6,Saturday,April,2012-04,2
478,2012-04-22,2012,4,22,7,Sunday,April,2012-04,2
479,2012-04-23,2012,4,23,1,Monday,April,2012-04,2
480,2012-04-24,2012,4,24,2,Tuesday,April,2012-04,2
481,2012-04-25,2012,4,25,3,Wednesday,April,2012-04,2
482,2012-04-26,2012,4,26,4,Thursday,April,2012-04,2
483,2012-04-27,2012,4,27,5,Friday,April,2012-04,2
484,2012-04-28,2012,4,28,6,Saturday,April,2012-04,2
485,2012-04-29,2012,4,29,7,Sunday,April,2012-04,2
486,2012-04-30,2012,4,30,1,Monday,April,2012-04,2
487,2012-05-01,2012,5,1,2,Tuesday,May,2012-05,2
488,2012-05-02,2012,5,2,3,Wednesday,May,2012-05,2
489,2012-05-03,2012,5,3,4,Thursday,May,2012-05,2
490,2012-05-04,2012,5,4,5,Friday,May,2012-05,2
491,2012-05-05,2012,5,5,6,Saturday,May,2012-05,2
492,2012-05-06,2012,5,6,7,Sunday,May,2012-05,2
493,2012-05-07,2012,5,7,1,Monday,May,2012-05,2
494,2012-05-08,2012,5,8,2,Tuesday,May,2012-05,2
495,2012-05-09,2012,5,9,3,Wednesday,May,2012-05,2
496,2012-05-10,2012,5,10,4,Thursday,May,2012-05,2
497,2012-05-11,2012,5,11,5,Friday,May,2012-05,2
498,2012-05-12,2012,5,12,6,Saturday,May,2012-05,2
499,2012-05-13,2012,5,13,7,Sunday,May,2012-05,2
500,2012-05-14,2012,5,14,1,Monday,May,2012-05,2
501,2012-05-15,2012,5,15,2,Tuesday,May,2012-05,2
502,2012-05-16,2012,5,16,3,Wednesday,May,2012-05,2
503,2012-05-17,2012,5,17,4,Thursday,May,2012-05,2
504,2012-05-18,2012,5,18,5,Friday,May,2012-05,2
505,2012-05-19,2012,5,19,6,Saturday,May,2012-05,2
506,2012-05-20,2012,5,20,7,Sunday,May,2012-05,2
507,2012-05-21,2012,5,21,1,Monday,May,2012-05,2
508,2012-05-22,2012,5,22,2,Tuesday,May,2012-05,2
509,2012-05-23,2012,5,23,3,Wednesday,May,2012-05,2
510,2012-05-24,2012,5,24,4,Thursday,May,2012-05,2
511,2012-05-25,2012,5,25,5,Friday,May,2012-05,2
512,2012-05-26,2012,5,26,6,Saturday,May,2012-05,2
513,2012-05-27,2012,5,27,7,Sunday,May,2012-05,2
514,2012-05-28,2012,5,28,1,Monday,May,2012-05,2
515,2012-05-29,2012,5,29,2,Tuesday,May,2012-05,2
516,2012-05-30,2012,5,30,3,Wednesday,May,2012-05,2
517,2012-05-31,2012,5,31,4,Thursday,May,2012-05,2
518,2012-06-01,2012,6,1,5,Friday,June,2012-06,2
519,2012-06-02,2012,6,2,6,Saturday,June,2012-06,2
520,2012-06-03,2012,6,3,7,Sunday,June,2012-06,2
521,2012-06-04,2012,6,4,1,Monday,June,2012-06,2
522,2012-06-05,2012,6,5,2,Tuesday,June,2012-06,2
523,2012-06-06,2012,6,6,3,Wednesday,June,2012-06,2
524,2012-06-07,2012,6,7,4,Thursday,June,2012-06,2
525,2012-06-08,2012,6,8,5,Friday,June,2012-06,2
526,2012-06-09,2012,6,9,6,Saturday,June,2012-06,2
527,2012-06-10,2012,6,10,7,Sunday,June,2012-06,2
528,2012-06-11,2012,6,11,1,Monday,June,2012-06,2
529,2012-06-12,2012,6,12,2,Tuesday,June,2012-06,2
530,2012-06-13,2012,6,13,3,Wednesday,June,2012-06,2
531,2012-06-14,2012,6,14,4,Thursday,June,2012-06,2
532,2012-06-15,2012,6,15,5,Friday,June,2012-06,2
533,2012-06-16,2012,6,16,6,Saturday,June,2012-06,2
534,2012-06-17,2012,6,17,7,Sunday,June,2012-06,2
535,2012-06-18,2012,6,18,1,Monday,June,2012-06,2
536,2012-06-19,2012,6,19,2,Tuesday,June,2012-06,2
537,2012-06-20,2012,6,20,3,Wednesday,June,2012-06,2
538,2012-06-21,2012,6,21,4,Thursday,June,2012-06,2
539,2012-06-22,2012,6,22,5,Friday,June,2012-06,2
540,2012-06-23,2012,6,23,6,Saturday,June,2012-06,2
541,2012-06-24,2012,6,24,7,Sunday,June,2012-06,2
542,2012-06-25,2012,6,25,1,Monday,June,2012-06,2
543,2012-06-26,2012,6,26,2,Tuesday,June,2012-06,2
544,2012-06-27,2012,6,27,3,Wednesday,June,2012-06,2
545,2012-06-28,2012,6,28,4,Thursday,June,2012-06,2
546,2012-06-29,2012,6,29,5,Friday,June,2012-06,2
547,2012-06-30,2012,6,30,6,Saturday,June,2012-06,2
548,2012-07-01,2012,7,1,7,Sunday,July,2012-07,3
549,2012-07-02,2012,7,2,1,Monday,July,2012-07,3
550,2012-07-03,2012,7,3,2,Tuesday,July,2012-07,3
551,2012-07-04,2012,7,4,3,Wednesday,July,2012-07,3
552,2012-07-05,2012,7,5,4,Thursday,July,2012-07,3
553,2012-07-06,2012,7,6,5,Friday,July,2012-07,3
554,2012-07-07,2012,7,7,6,Saturday,July,2012-07,3
555,2012-07-08,2012,7,8,7,Sunday,July,2012-07,3
556,2012-07-09,2012,7,9,1,Monday,July,2012-07,3
557,2012-07-10,2012,7,10,2,Tuesday,July,2012-07,3
558,2012-07-11,2012,7,11,3,Wednesday,July,2012-07,3
559,2012-07-12,2012,7,12,4,Thursday,July,2012-07,3
560,2012-07-13,2012,7,13,5,Friday,July,2012-07,3
561,2012-07-14,2012,7,14,6,Saturday,July,2012-07,3
562,2012-07-15,2012,7,15,7,Sunday,July,2012-07,3
563,2012-07-16,2012,7,16,1,Monday,July,2012-07,3
564,2012-07-17,2012,7,17,2,Tuesday,July,2012-07,3
565,2012-07-18,2012,7,18,3,Wednesday,July,2012-07,3
566,2012-07-19,2012,7,19,4,Thursday,July,2012-07,3
567,2012-07-20,2012,7,20,5,Friday,July,2012-07,3
568,2012-07-21,2012,7,21,6,Saturday,July,2012-07,3
569,2012-07-22,2012,7,22,7,Sunday,July,2012-07,3
570,2012-07-23,2012,7,23,1,Monday,July,2012-07,3
571,2012-07-24,2012,7,24,2,Tuesday,July,2012-07,3
572,2012-07-25,2012,7,25,3,Wednesday,July,2012-07,3
573,2012-07-26,2012,7,26,4,Thursday,July,2012-07,3
574,2012-07-27,2012,7,27,5,Friday,July,2012-07,3
575,2012-07-28,2012,7,28,6,Saturday,July,2012-07,3
576,2012-07-29,2012,7,29,7,Sunday,July,2012-07,3
577,2012-07-30,2012,7,30,1,Monday,July,2012-07,3
578,2012-07-31,2012,7,31,2,Tuesday,July,2012-07,3
579,2012-08-01,2012,8,1,3,Wednesday,August,2012-08,3
580,2012-08-02,2012,8,2,4,Thursday,August,2012-08,3
581,2012-08-03,2012,8,3,5,Friday,August,2012-08,3
582,2012-08-04,2012,8,4,6,Saturday,August,2012-08,3
583,2012-08-05,2012,8,5,7,Sunday,August,2012-08,3
584,2012-08-06,2012,8,6,1,Monday,August,2012-08,3
585,2012-08-07,2012,8,7,2,Tuesday,August,2012-08,3
586,2012-08-08,2012,8,8,3,Wednesday,August,2012-08,3
587,2012-08-09,2012,8,9,4,Thursday,August,2012-08,3
588,2012-08-10,2012,8,10,5,Friday,August,2012-08,3
589,2012-08-11,2012,8,11,6,Saturday,August,2012-08,3
590,2012-08-12,2012,8,12,7,Sunday,August,2012-08,3
591,2012-08-13,2012,8,13,1,Monday,August,2012-08,3
592,2012-08-14,2012,8,14,2,Tuesday,August,2012-08,3
593,2012-08-15,2012,8,15,3,Wednesday,August,2012-08,3
594,2012-08-16,2012,8,16,4,Thursday,August,2012-08,3
595,2012-08-17,2012,8,17,5,Friday,August,2012-08,3
596,2012-08-18,2012,8,18,6,Saturday,August,2012-08,3
597,2012-08-19,2012,8,19,7,Sunday,August,2012-08,3
598,2012-08-20,2012,8,20,1,Monday,August,2012-08,3
599,2012-08-21,2012,8,21,2,Tuesday,August,2012-08,3
600,2012-08-22,2012,8,22,3,Wednesday,August,2012-08,3
601,2012-08-23,2012,8,23,4,Thursday,August,2012-08,3
602,2012-08-24,2012,8,24,5,Friday,August,2012-08,3
603,2012-08-25,2012,8,25,6,Saturday,August,2012-08,3
604,2012-08-26,2012,8,26,7,Sunday,August,2012-08,3
605,2012-08-27,2012,8,27,1,Monday,August,2012-08,3
606,2012-08-28,2012,8,28,2,Tuesday,August,2012-08,3
607,2012-08-29,2012,8,29,3,Wednesday,August,2012-08,3
608,2012-08-30,2012,8,30,4,Thursday,August,2012-08,3
609,2012-08-31,2012,8,31,5,Friday,August,2012-08,3
610,2012-09-01,2012,9,1,6,Saturday,September,2012-09,3
611,2012-09-02,2012,9,2,7,Sunday,September,2012-09,3
612,2012-09-03,2012,9,3,1,Monday,September,2012-09,3
613,2012-09-04,2012,9,4,2,Tuesday,September,2012-09,3
614,2012-09-05,2012,9,5,3,Wednesday,September,2012-09,3
615,2012-09-06,2012,9,6,4,Thursday,September,2012-09,3
616,2012-09-07,2012,9,7,5,Friday,September,2012-09,3
617,2012-09-08,2012,9,8,6,Saturday,September,2012-09,3
618,2012-09-09,2012,9,9,7,Sunday,September,2012-09,3
619,2012-09-10,2012,9,10,1,Monday,September,2012-09,3
620,2012-09-11,2012,9,11,2,Tuesday,September,2012-09,3
621,2012-09-12,2012,9,12,3,Wednesday,September,2012-09,3
622,2012-09-13,2012,9,13,4,Thursday,September,2012-09,3
623,2012-09-14,2012,9,14,5,Friday,September,2012-09,3
624,2012-09-15,2012,9,15,6,Saturday,September,2012-09,3
625,2012-09-16,2012,9,16,7,Sunday,September,2012-09,3
626,2012-09-17,2012,9,17,1,Monday,September,2012-09,3
627,2012-09-18,2012,9,18,2,Tuesday,September,2012-09,3
628,2012-09-19,2012,9,19,3,Wednesday,September,2012-09,3
629,2012-09-20,2012,9,20,4,Thursday,September,2012-09,3
630,2012-09-21,2012,9,21,5,Friday,September,2012-09,3
631,2012-09-22,2012,9,22,6,Saturday,September,2012-09,3
632,2012-09-23,2012,9,23,7,Sunday,September,2012-09,3
633,2012-09-24,2012,9,24,1,Monday,September,2012-09,3
634,2012-09-25,2012,9,25,2,Tuesday,September,2012-09,3
635,2012-09-26,2012,9,26,3,Wednesday,September,2012-09,3
636,2012-09-27,2012,9,27,4,Thursday,September,2012-09,3
637,2012-09-28,2012,9,28,5,Friday,September,2012-09,3
638,2012-09-29,2012,9,29,6,Saturday,September,2012-09,3
639,2012-09-30,2012,9,30,7,Sunday,September,2012-09,3
640,2012-10-01,2012,10,1,1,Monday,October,2012-10,4
641,2012-10-02,2012,10,2,2,Tuesday,October,2012-10,4
642,2012-10-03,2012,10,3,3,Wednesday,October,2012-10,4
643,2012-10-04,2012,10,4,4,Thursday,October,2012-10,4
644,2012-10-05,2012,10,5,5,Friday,October,2012-10,4
645,2012-10-06,2012,10,6,6,Saturday,October,2012-10,4
646,2012-10-07,2012,10,7,7,Sunday,October,2012-10,4
647,2012-10-08,2012,10,8,1,Monday,October,2012-10,4
648,2012-10-09,2012,10,9,2,Tuesday,October,2012-10,4
649,2012-10-10,2012,10,10,3,Wednesday,October,2012-10,4
650,2012-10-11,2012,10,11,4,Thursday,October,2012-10,4
651,2012-10-12,2012,10,12,5,Friday,October,2012-10,4
652,2012-10-13,2012,10,13,6,Saturday,October,2012-10,4
653,2012-10-14,2012,10,14,7,Sunday,October,2012-10,4
654,2012-10-15,2012,10,15,1,Monday,October,2012-10,4
655,2012-10-16,2012,10,16,2,Tuesday,October,2012-10,4
656,2012-10-17,2012,10,17,3,Wednesday,October,2012-10,4
657,2012-10-18,2012,10,18,4,Thursday,October,2012-10,4
658,2012-10-19,2012,10,19,5,Friday,October,2012-10,4
659,2012-10-20,2012,10,20,6,Saturday,October,2012-10,4
660,2012-10-21,2012,10,21,7,Sunday,October,2012-10,4
661,2012-10-22,2012,10,22,1,Monday,October,2012-10,4
662,2012-10-23,2012,10,23,2,Tuesday,October,2012-10,4
663,2012-10-24,2012,10,24,3,Wednesday,October,2012-10,4
664,2012-10-25,2012,10,25,4,Thursday,October,2012-10,4
665,2012-10-26,2012,10,26,5,Friday,October,2012-10,4
666,2012-10-27,2012,10,27,6,Saturday,October,2012-10,4
667,2012-10-28,2012,10,28,7,Sunday,October,2012-10,4
668,2012-10-29,2012,10,29,1,Monday,October,2012-10,4
669,2012-10-30,2012,10,30,2,Tuesday,October,2012-10,4
670,2012-10-31,2012,10,31,3,Wednesday,October,2012-10,4
671,2012-11-01,2012,11,1,4,Thursday,November,2012-11,4
672,2012-11-02,2012,11,2,5,Friday,November,2012-11,4
673,2012-11-03,2012,11,3,6,Saturday,November,2012-11,4
674,2012-11-04,2012,11,4,7,Sunday,November,2012-11,4
675,2012-11-05,2012,11,5,1,Monday,November,2012-11,4
676,2012-11-06,2012,11,6,2,Tuesday,November,2012-11,4
677,2012-11-07,2012,11,7,3,Wednesday,November,2012-11,4
678,2012-11-08,2012,11,8,4,Thursday,November,2012-11,4
679,2012-11-09,2012,11,9,5,Friday,November,2012-11,4
680,2012-11-10,2012,11,10,6,Saturday,November,2012-11,4
681,2012-11-11,2012,11,11,7,Sunday,November,2012-11,4
682,2012-11-12,2012,11,12,1,Monday,November,2012-11,4
683,2012-11-13,2012,11,13,2,Tuesday,November,2012-11,4
684,2012-11-14,2012,11,14,3,Wednesday,November,2012-11,4
685,2012-11-15,2012,11,15,4,Thursday,November,2012-11,4
686,2012-11-16,2012,11,16,5,Friday,November,2012-11,4
687,2012-11-17,2012,11,17,6,Saturday,November,2012-11,4
688,2012-11-18,2012,11,18,7,Sunday,November,2012-11,4
689,2012-11-19,2012,11,19,1,Monday,November,2012-11,4
690,2012-11-20,2012,11,20,2,Tuesday,November,2012-11,4
691,2012-11-21,2012,11,21,3,Wednesday,November,2012-11,4
692,2012-11-22,2012,11,22,4,Thursday,November,2012-11,4
693,2012-11-23,2012,11,23,5,Friday,November,2012-11,4
694,2012-11-24,2012,11,24,6,Saturday,November,2012-11,4
695,2012-11-25,2012,11,25,7,Sunday,November,2012-11,4
696,2012-11-26,2012,11,26,1,Monday,November,2012-11,4
697,2012-11-27,2012,11,27,2,Tuesday,November,2012-11,4
698,2012-11-28,2012,11,28,3,Wednesday,November,2012-11,4
699,2012-11-29,2012,11,29,4,Thursday,November,2012-11,4
700,2012-11-30,2012,11,30,5,Friday,November,2012-11,4
701,2012-12-01,2012,12,1,6,Saturday,December,2012-12,4
702,2012-12-02,2012,12,2,7,Sunday,December,2012-12,4
703,2012-12-03,2012,12,3,1,Monday,December,2012-12,4
704,2012-12-04,2012,12,4,2,Tuesday,December,2012-12,4
705,2012-12-05,2012,12,5,3,Wednesday,December,2012-12,4
706,2012-12-06,2012,12,6,4,Thursday,December,2012-12,4
707,2012-12-07,2012,12,7,5,Friday,December,2012-12,4
708,2012-12-08,2012,12,8,6,Saturday,December,2012-12,4
709,2012-12-09,2012,12,9,7,Sunday,December,2012-12,4
710,2012-12-10,2012,12,10,1,Monday,December,2012-12,4
711,2012-12-11,2012,12,11,2,Tuesday,December,2012-12,4
712,2012-12-12,2012,12,12,3,Wednesday,December,2012-12,4
713,2012-12-13,2012,12,13,4,Thursday,December,2012-12,4
714,2012-12-14,2012,12,14,5,Friday,December,2012-12,4
715,2012-12-15,2012,12,15,6,Saturday,December,2012-12,4
716,2012-12-16,2012,12,16,7,Sunday,December,2012-12,4
717,2012-12-17,2012,12,17,1,Monday,December,2012-12,4
718,2012-12-18,2012,12,18,2,Tuesday,December,2012-12,4
719,2012-12-19,2012,12,19,3,Wednesday,December,2012-12,4
720,2012-12-20,2012,12,20,4,Thursday,December,2012-12,4
721,2012-12-21,2012,12,21,5,Friday,December,2012-12,4
722,2012-12-22,2012,12,22,6,Saturday,December,2012-12,4
723,2012-12-23,2012,12,23,7,Sunday,December,2012-12,4
724,2012-12-24,2012,12,24,1,Monday,December,2012-12,4
725,2012-12-25,2012,12,25,2,Tuesday,December,2012-12,4
726,2012-12-26,2012,12,26,3,Wednesday,December,2012-12,4
727,2012-12-27,2012,12,27,4,Thursday,December,2012-12,4
728,2012-12-28,2012,12,28,5,Friday,December,2012-12,4
729,2012-12-29,2012,12,29,6,Saturday,December,2012-12,4
730,2012-12-30,2012,12,30,7,Sunday,December,2012-12,4
731,2012-12-31,2012,12,31,1,Monday,December,2012-12,4
732,2013-01-01,2013,1,1,2,Tuesday,January,2013-01,1
733,2013-01-02,2013,1,2,3,Wednesday,January,2013-01,1
734,2013-01-03,2013,1,3,4,Thursday,January,2013-01,1
735,2013-01-04,2013,1,4,5,Friday,January,2013-01,1
736,2013-01-05,2013,1,5,6,Saturday,January,2013-01,1
737,2013-01-06,2013,1,6,7,Sunday,January,2013-01,1
738,2013-01-07,2013,1,7,1,Monday,January,2013-01,1
739,2013-01-08,2013,1,8,2,Tuesday,January,2013-01,1
740,2013-01-09,2013,1,9,3,Wednesday,January,2013-01,1
741,2013-01-10,2013,1,10,4,Thursday,January,2013-01,1
742,2013-01-11,2013,1,11,5,Friday,January,2013-01,1
743,2013-01-12,2013,1,12,6,Saturday,January,2013-01,1
744,2013-01-13,2013,1,13,7,Sunday,January,2013-01,1
745,2013-01-14,2013,1,14,1,Monday,January,2013-01,1
746,2013-01-15,2013,1,15,2,Tuesday,January,2013-01,1
747,2013-01-16,2013,1,16,3,Wednesday,January,2013-01,1
748,2013-01-17,2013,1,17,4,Thursday,January,2013-01,1
749,2013-01-18,2013,1,18,5,Friday,January,2013-01,1
750,2013-01-19,2013,1,19,6,Saturday,January,2013-01,1
751,2013-01-20,2013,1,20,7,Sunday,January,2013-01,1
752,2013-01-21,2013,1,21,1,Monday,January,2013-01,1
753,2013-01-22,2013,1,22,2,Tuesday,January,2013-01,1
754,2013-01-23,2013,1,23,3,Wednesday,January,2013-01,1
755,2013-01-24,2013,1,24,4,Thursday,January,2013-01,1
756,2013-01-25,2013,1,25,5,Friday,January,2013-01,1
757,2013-01-26,2013,1,26,6,Saturday,January,2013-01,1
758,2013-01-27,2013,1,27,7,Sunday,January,2013-01,1
759,2013-01-28,2013,1,28,1,Monday,January,2013-01,1
760,2013-01-29,2013,1,29,2,Tuesday,January,2013-01,1
761,2013-01-30,2013,1,30,3,Wednesday,January,2013-01,1
762,2013-01-31,2013,1,31,4,Thursday,January,2013-01,1
763,2013-02-01,2013,2,1,5,Friday,February,2013-02,1
764,2013-02-02,2013,2,2,6,Saturday,February,2013-02,1
765,2013-02-03,2013,2,3,7,Sunday,February,2013-02,1
766,2013-02-04,2013,2,4,1,Monday,February,2013-02,1
767,2013-02-05,2013,2,5,2,Tuesday,February,2013-02,1
768,2013-02-06,2013,2,6,3,Wednesday,February,2013-02,1
769,2013-02-07,2013,2,7,4,Thursday,February,2013-02,1
770,2013-02-08,2013,2,8,5,Friday,February,2013-02,1
771,2013-02-09,2013,2,9,6,Saturday,February,2013-02,1
772,2013-02-10,2013,2,10,7,Sunday,February,2013-02,1
773,2013-02-11,2013,2,11,1,Monday,February,2013-02,1
774,2013-02-12,2013,2,12,2,Tuesday,February,2013-02,1
775,2013-02-13,2013,2,13,3,Wednesday,February,2013-02,1
776,2013-02-14,2013,2,14,4,Thursday,February,2013-02,1
777,2013-02-15,2013,2,15,5,Friday,February,2013-02,1
778,2013-02-16,2013,2,16,6,Saturday,February,2013-02,1
779,2013-02-17,2013,2,17,7,Sunday,February,2013-02,1
780,2013-02-18,2013,2,18,1,Monday,February,2013-02,1
781,2013-02-19,2013,2,19,2,Tuesday,February,2013-02,1
782,2013-02-20,2013,2,20,3,Wednesday,February,2013-02,1
783,2013-02-21,2013,2,21,4,Thursday,February,2013-02,1
784,2013-02-22,2013,2,22,5,Friday,February,2013-02,1
785,2013-02-23,2013,2,23,6,Saturday,February,2013-02,1
786,2013-02-24,2013,2,24,7,Sunday,February,2013-02,1
787,2013-02-25,2013,2,25,1,Monday,February,2013-02,1
788,2013-02-26,2013,2,26,2,Tuesday,February,2013-02,1
789,2013-02-27,2013,2,27,3,Wednesday,February,2013-02,1
790,2013-02-28,2013,2,28,4,Thursday,February,2013-02,1
791,2013-03-01,2013,3,1,5,Friday,March,2013-03,1
792,2013-03-02,2013,3,2,6,Saturday,March,2013-03,1
793,2013-03-03,2013,3,3,7,Sunday,March,2013-03,1
794,2013-03-04,2013,3,4,1,Monday,March,2013-03,1
795,2013-03-05,2013,3,5,2,Tuesday,March,2013-03,1
796,2013-03-06,2013,3,6,3,Wednesday,March,2013-03,1
797,2013-03-07,2013,3,7,4,Thursday,March,2013-03,1
798,2013-03-08,2013,3,8,5,Friday,March,2013-03,1
799,2013-03-09,2013,3,9,6,Saturday,March,2013-03,1
800,2013-03-10,2013,3,10,7,Sunday,March,2013-03,1
801,2013-03-11,2013,3,11,1,Monday,March,2013-03,1
802,2013-03-12,2013,3,12,2,Tuesday,March,2013-03,1
803,2013-03-13,2013,3,13,3,Wednesday,March,2013-03,1
804,2013-03-14,2013,3,14,4,Thursday,March,2013-03,1
805,2013-03-15,2013,3,15,5,Friday,March,2013-03,1
806,2013-03-16,2013,3,16,6,Saturday,March,2013-03,1
807,2013-03-17,2013,3,17,7,Sunday,March,2013-03,1
808,2013-03-18,2013,3,18,1,Monday,March,2013-03,1
809,2013-03-19,2013,3,19,2,Tuesday,March,2013-03,1
810,2013-03-20,2013,3,20,3,Wednesday,March,2013-03,1
811,2013-03-21,2013,3,21,4,Thursday,March,2013-03,1
812,2013-03-22,2013,3,22,5,Friday,March,2013-03,1
813,2013-03-23,2013,3,23,6,Saturday,March,2013-03,1
814,2013-03-24,2013,3,24,7,Sunday,March,2013-03,1
815,2013-03-25,2013,3,25,1,Monday,March,2013-03,1
816,2013-03-26,2013,3,26,2,Tuesday,March,2013-03,1
817,2013-03-27,2013,3,27,3,Wednesday,March,2013-03,1
818,2013-03-28,2013,3,28,4,Thursday,March,2013-03,1
819,2013-03-29,2013,3,29,5,Friday,March,2013-03,1
820,2013-03-30,2013,3,30,6,Saturday,March,2013-03,1
821,2013-03-31,2013,3,31,7,Sunday,March,2013-03,1
822,2013-04-01,2013,4,1,1,Monday,April,2013-04,2
823,2013-04-02,2013,4,2,2,Tuesday,April,2013-04,2
824,2013-04-03,2013,4,3,3,Wednesday,April,2013-04,2
825,2013-04-04,2013,4,4,4,Thursday,April,2013-04,2
826,2013-04-05,2013,4,5,5,Friday,April,2013-04,2
827,2013-04-06,2013,4,6,6,Saturday,April,2013-04,2
828,2013-04-07,2013,4,7,7,Sunday,April,2013-04,2
829,2013-04-08,2013,4,8,1,Monday,April,2013-04,2
830,2013-04-09,2013,4,9,2,Tuesday,April,2013-04,2
831,2013-04-10,2013,4,10,3,Wednesday,April,2013-04,2
832,2013-04-11,2013,4,11,4,Thursday,April,2013-04,2
833,2013-04-12,2013,4,12,5,Friday,April,2013-04,2
834,2013-04-13,2013,4,13,6,Saturday,April,2013-04,2
835,2013-04-14,2013,4,14,7,Sunday,April,2013-04,2
836,2013-04-15,2013,4,15,1,Monday,April,2013-04,2
837,2013-04-16,2013,4,16,2,Tuesday,April,2013-04,2
838,2013-04-17,2013,4,17,3,Wednesday,April,2013-04,2
839,2013-04-18,2013,4,18,4,Thursday,April,2013-04,2
840,2013-04-19,2013,4,19,5,Friday,April,2013-04,2
841,2013-04-20,2013,4,20,6,Saturday,April,2013-04,2
842,2013-04-21,2013,4,21,7,Sunday,April,2013-04,2
843,2013-04-22,2013,4,22,1,Monday,April,2013-04,2
844,2013-04-23,2013,4,23,2,Tuesday,April,2013-04,2
845,2013-04-24,2013,4,24,3,Wednesday,April,2013-04,2
846,2013-04-25,2013,4,25,4,Thursday,April,2013-04,2
847,2013-04-26,2013,4,26,5,Friday,April,2013-04,2
848,2013-04-27,2013,4,27,6,Saturday,April,2013-04,2
849,2013-04-28,2013,4,28,7,Sunday,April,2013-04,2
850,2013-04-29,2013,4,29,1,Monday,April,2013-04,2
851,2013-04-30,2013,4,30,2,Tuesday,April,2013-04,2
852,2013-05-01,2013,5,1,3,Wednesday,May,2013-05,2
853,2013-05-02,2013,5,2,4,Thursday,May,2013-05,2
854,2013-05-03,2013,5,3,5,Friday,May,2013-05,2
855,2013-05-04,2013,5,4,6,Saturday,May,2013-05,2
856,2013-05-05,2013,5,5,7,Sunday,May,2013-05,2
857,2013-05-06,2013,5,6,1,Monday,May,2013-05,2
858,2013-05-07,2013,5,7,2,Tuesday,May,2013-05,2
859,2013-05-08,2013,5,8,3,Wednesday,May,2013-05,2
860,2013-05-09,2013,5,9,4,Thursday,May,2013-05,2
861,2013-05-10,2013,5,10,5,Friday,May,2013-05,2
862,2013-05-11,2013,5,11,6,Saturday,May,2013-05,2
863,2013-05-12,2013,5,12,7,Sunday,May,2013-05,2
864,2013-05-13,2013,5,13,1,Monday,May,2013-05,2
865,2013-05-14,2013,5,14,2,Tuesday,May,2013-05,2
866,2013-05-15,2013,5,15,3,Wednesday,May,2013-05,2
867,2013-05-16,2013,5,16,4,Thursday,May,2013-05,2
868,2013-05-17,2013,5,17,5,Friday,May,2013-05,2
869,2013-05-18,2013,5,18,6,Saturday,May,2013-05,2
870,2013-05-19,2013,5,19,7,Sunday,May,2013-05,2
871,2013-05-20,2013,5,20,1,Monday,May,2013-05,2
872,2013-05-21,2013,5,21,2,Tuesday,May,2013-05,2
873,2013-05-22,2013,5,22,3,Wednesday,May,2013-05,2
874,2013-05-23,2013,5,23,4,Thursday,May,2013-05,2
875,2013-05-24,2013,5,24,5,Friday,May,2013-05,2
876,2013-05-25,2013,5,25,6,Saturday,May,2013-05,2
877,2013-05-26,2013,5,26,7,Sunday,May,2013-05,2
878,2013-05-27,2013,5,27,1,Monday,May,2013-05,2
879,2013-05-28,2013,5,28,2,Tuesday,May,2013-05,2
880,2013-05-29,2013,5,29,3,Wednesday,May,2013-05,2
881,2013-05-30,2013,5,30,4,Thursday,May,2013-05,2
882,2013-05-31,2013,5,31,5,Friday,May,2013-05,2
883,2013-06-01,2013,6,1,6,Saturday,June,2013-06,2
884,2013-06-02,2013,6,2,7,Sunday,June,2013-06,2
885,2013-06-03,2013,6,3,1,Monday,June,2013-06,2
886,2013-06-04,2013,6,4,2,Tuesday,June,2013-06,2
887,2013-06-05,2013,6,5,3,Wednesday,June,2013-06,2
888,2013-06-06,2013,6,6,4,Thursday,June,2013-06,2
889,2013-06-07,2013,6,7,5,Friday,June,2013-06,2
890,2013-06-08,2013,6,8,6,Saturday,June,2013-06,2
891,2013-06-09,2013,6,9,7,Sunday,June,2013-06,2
892,2013-06-10,2013,6,10,1,Monday,June,2013-06,2
893,2013-06-11,2013,6,11,2,Tuesday,June,2013-06,2
894,2013-06-12,2013,6,12,3,Wednesday,June,2013-06,2
895,2013-06-13,2013,6,13,4,Thursday,June,2013-06,2
896,2013-06-14,2013,6,14,5,Friday,June,2013-06,2
897,2013-06-15,2013,6,15,6,Saturday,June,2013-06,2
898,2013-06-16,2013,6,16,7,Sunday,June,2013-06,2
899,2013-06-17,2013,6,17,1,Monday,June,2013-06,2
900,2013-06-18,2013,6,18,2,Tuesday,June,2013-06,2
901,2013-06-19,2013,6,19,3,Wednesday,June,2013-06,2
902,2013-06-20,2013,6,20,4,Thursday,June,2013-06,2
903,2013-06-21,2013,6,21,5,Friday,June,2013-06,2
904,2013-06-22,2013,6,22,6,Saturday,June,2013-06,2
905,2013-06-23,2013,6,23,7,Sunday,June,2013-06,2
906,2013-06-24,2013,6,24,1,Monday,June,2013-06,2
907,2013-06-25,2013,6,25,2,Tuesday,June,2013-06,2
908,2013-06-26,2013,6,26,3,Wednesday,June,2013-06,2
909,2013-06-27,2013,6,27,4,Thursday,June,2013-06,2
910,2013-06-28,2013,6,28,5,Friday,June,2013-06,2
911,2013-06-29,2013,6,29,6,Saturday,June,2013-06,2
912,2013-06-30,2013,6,30,7,Sunday,June,2013-06,2
913,2013-07-01,2013,7,1,1,Monday,July,2013-07,3
914,2013-07-02,2013,7,2,2,Tuesday,July,2013-07,3
915,2013-07-03,2013,7,3,3,Wednesday,July,2013-07,3
916,2013-07-04,2013,7,4,4,Thursday,July,2013-07,3
917,2013-07-05,2013,7,5,5,Friday,July,2013-07,3
918,2013-07-06,2013,7,6,6,Saturday,July,2013-07,3
919,2013-07-07,2013,7,7,7,Sunday,July,2013-07,3
920,2013-07-08,2013,7,8,1,Monday,July,2013-07,3
921,2013-07-09,2013,7,9,2,Tuesday,July,2013-07,3
922,2013-07-10,2013,7,10,3,Wednesday,July,2013-07,3
923,2013-07-11,2013,7,11,4,Thursday,July,2013-07,3
924,2013-07-12,2013,7,12,5,Friday,July,2013-07,3
925,2013-07-13,2013,7,13,6,Saturday,July,2013-07,3
926,2013-07-14,2013,7,14,7,Sunday,July,2013-07,3
927,2013-07-15,2013,7,15,1,Monday,July,2013-07,3
928,2013-07-16,2013,7,16,2,Tuesday,July,2013-07,3
929,2013-07-17,2013,7,17,3,Wednesday,July,2013-07,3
930,2013-07-18,2013,7,18,4,Thursday,July,2013-07,3
931,2013-07-19,2013,7,19,5,Friday,July,2013-07,3
932,2013-07-20,2013,7,20,6,Saturday,July,2013-07,3
933,2013-07-21,2013,7,21,7,Sunday,July,2013-07,3
934,2013-07-22,2013,7,22,1,Monday,July,2013-07,3
935,2013-07-23,2013,7,23,2,Tuesday,July,2013-07,3
936,2013-07-24,2013,7,24,3,Wednesday,July,2013-07,3
937,2013-07-25,2013,7,25,4,Thursday,July,2013-07,3
938,2013-07-26,2013,7,26,5,Friday,July,2013-07,3
939,2013-07-27,2013,7,27,6,Saturday,July,2013-07,3
940,2013-07-28,2013,7,28,7,Sunday,July,2013-07,3
941,2013-07-29,2013,7,29,1,Monday,July,2013-07,3
942,2013-07-30,2013,7,30,2,Tuesday,July,2013-07,3
943,2013-07-31,2013,7,31,3,Wednesday,July,2013-07,3
944,2013-08-01,2013,8,1,4,Thursday,August,2013-08,3
945,2013-08-02,2013,8,2,5,Friday,August,2013-08,3
946,2013-08-03,2013,8,3,6,Saturday,August,2013-08,3
947,2013-08-04,2013,8,4,7,Sunday,August,2013-08,3
948,2013-08-05,2013,8,5,1,Monday,August,2013-08,3
949,2013-08-06,2013,8,6,2,Tuesday,August,2013-08,3
950,2013-08-07,2013,8,7,3,Wednesday,August,2013-08,3
951,2013-08-08,2013,8,8,4,Thursday,August,2013-08,3
952,2013-08-09,2013,8,9,5,Friday,August,2013-08,3
953,2013-08-10,2013,8,10,6,Saturday,August,2013-08,3
954,2013-08-11,2013,8,11,7,Sunday,August,2013-08,3
955,2013-08-12,2013,8,12,1,Monday,August,2013-08,3
956,2013-08-13,2013,8,13,2,Tuesday,August,2013-08,3
957,2013-08-14,2013,8,14,3,Wednesday,August,2013-08,3
958,2013-08-15,2013,8,15,4,Thursday,August,2013-08,3
959,2013-08-16,2013,8,16,5,Friday,August,2013-08,3
960,2013-08-17,2013,8,17,6,Saturday,August,2013-08,3
961,2013-08-18,2013,8,18,7,Sunday,August,2013-08,3
962,2013-08-19,2013,8,19,1,Monday,August,2013-08,3
963,2013-08-20,2013,8,20,2,Tuesday,August,2013-08,3
964,2013-08-21,2013,8,21,3,Wednesday,August,2013-08,3
965,2013-08-22,2013,8,22,4,Thursday,August,2013-08,3
966,2013-08-23,2013,8,23,5,Friday,August,2013-08,3
967,2013-08-24,2013,8,24,6,Saturday,August,2013-08,3
968,2013-08-25,2013,8,25,7,Sunday,August,2013-08,3
969,2013-08-26,2013,8,26,1,Monday,August,2013-08,3
970,2013-08-27,2013,8,27,2,Tuesday,August,2013-08,3
971,2013-08-28,2013,8,28,3,Wednesday,August,2013-08,3
972,2013-08-29,2013,8,29,4,Thursday,August,2013-08,3
973,2013-08-30,2013,8,30,5,Friday,August,2013-08,3
974,2013-08-31,2013,8,31,6,Saturday,August,2013-08,3
975,2013-09-01,2013,9,1,7,Sunday,September,2013-09,3
976,2013-09-02,2013,9,2,1,Monday,September,2013-09,3
977,2013-09-03,2013,9,3,2,Tuesday,September,2013-09,3
978,2013-09-04,2013,9,4,3,Wednesday,September,2013-09,3
979,2013-09-05,2013,9,5,4,Thursday,September,2013-09,3
980,2013-09-06,2013,9,6,5,Friday,September,2013-09,3
981,2013-09-07,2013,9,7,6,Saturday,September,2013-09,3
982,2013-09-08,2013,9,8,7,Sunday,September,2013-09,3
983,2013-09-09,2013,9,9,1,Monday,September,2013-09,3
984,2013-09-10,2013,9,10,2,Tuesday,September,2013-09,3
985,2013-09-11,2013,9,11,3,Wednesday,September,2013-09,3
986,2013-09-12,2013,9,12,4,Thursday,September,2013-09,3
987,2013-09-13,2013,9,13,5,Friday,September,2013-09,3
988,2013-09-14,2013,9,14,6,Saturday,September,2013-09,3
989,2013-09-15,2013,9,15,7,Sunday,September,2013-09,3
990,2013-09-16,2013,9,16,1,Monday,September,2013-09,3
991,2013-09-17,2013,9,17,2,Tuesday,September,2013-09,3
992,2013-09-18,2013,9,18,3,Wednesday,September,2013-09,3
993,2013-09-19,2013,9,19,4,Thursday,September,2013-09,3
994,2013-09-20,2013,9,20,5,Friday,September,2013-09,3
995,2013-09-21,2013,9,21,6,Saturday,September,2013-09,3
996,2013-09-22,2013,9,22,7,Sunday,September,2013-09,3
997,2013-09-23,2013,9,23,1,Monday,September,2013-09,3
998,2013-09-24,2013,9,24,2,Tuesday,September,2013-09,3
999,2013-09-25,2013,9,25,3,Wednesday,September,2013-09,3
1000,2013-09-26,2013,9,26,4,Thursday,September,2013-09,3
1001,2013-09-27,2013,9,27,5,Friday,September,2013-09,3
1002,2013-09-28,2013,9,28,6,Saturday,September,2013-09,3
1003,2013-09-29,2013,9,29,7,Sunday,September,2013-09,3
1004,2013-09-30,2013,9,30,1,Monday,September,2013-09,3
1005,2013-10-01,2013,10,1,2,Tuesday,October,2013-10,4
1006,2013-10-02,2013,10,2,3,Wednesday,October,2013-10,4
1007,2013-10-03,2013,10,3,4,Thursday,October,2013-10,4
1008,2013-10-04,2013,10,4,5,Friday,October,2013-10,4
1009,2013-10-05,2013,10,5,6,Saturday,October,2013-10,4
1010,2013-10-06,2013,10,6,7,Sunday,October,2013-10,4
1011,2013-10-07,2013,10,7,1,Monday,October,2013-10,4
1012,2013-10-08,2013,10,8,2,Tuesday,October,2013-10,4
1013,2013-10-09,2013,10,9,3,Wednesday,October,2013-10,4
1014,2013-10-10,2013,10,10,4,Thursday,October,2013-10,4
1015,2013-10-11,2013,10,11,5,Friday,October,2013-10,4
1016,2013-10-12,2013,10,12,6,Saturday,October,2013-10,4
1017,2013-10-13,2013,10,13,7,Sunday,October,2013-10,4
1018,2013-10-14,2013,10,14,1,Monday,October,2013-10,4
1019,2013-10-15,2013,10,15,2,Tuesday,October,2013-10,4
1020,2013-10-16,2013,10,16,3,Wednesday,October,2013-10,4
1021,2013-10-17,2013,10,17,4,Thursday,October,2013-10,4
1022,2013-10-18,2013,10,18,5,Friday,October,2013-10,4
1023,2013-10-19,2013,10,19,6,Saturday,October,2013-10,4
1024,2013-10-20,2013,10,20,7,Sunday,October,2013-10,4
1025,2013-10-21,2013,10,21,1,Monday,October,2013-10,4
1026,2013-10-22,2013,10,22,2,Tuesday,October,2013-10,4
1027,2013-10-23,2013,10,23,3,Wednesday,October,2013-10,4
1028,2013-10-24,2013,10,24,4,Thursday,October,2013-10,4
1029,2013-10-25,2013,10,25,5,Friday,October,2013-10,4
1030,2013-10-26,2013,10,26,6,Saturday,October,2013-10,4
1031,2013-10-27,2013,10,27,7,Sunday,October,2013-10,4
1032,2013-10-28,2013,10,28,1,Monday,October,2013-10,4
1033,2013-10-29,2013,10,29,2,Tuesday,October,2013-10,4
1034,2013-10-30,2013,10,30,3,Wednesday,October,2013-10,4
1035,2013-10-31,2013,10,31,4,Thursday,October,2013-10,4
1036,2013-11-01,2013,11,1,5,Friday,November,2013-11,4
1037,2013-11-02,2013,11,2,6,Saturday,November,2013-11,4
1038,2013-11-03,2013,11,3,7,Sunday,November,2013-11,4
1039,2013-11-04,2013,11,4,1,Monday,November,2013-11,4
1040,2013-11-05,2013,11,5,2,Tuesday,November,2013-11,4
1041,2013-11-06,2013,11,6,3,Wednesday,November,2013-11,4
1042,2013-11-07,2013,11,7,4,Thursday,November,2013-11,4
1043,2013-11-08,2013,11,8,5,Friday,November,2013-11,4
1044,2013-11-09,2013,11,9,6,Saturday,November,2013-11,4
1045,2013-11-10,2013,11,10,7,Sunday,November,2013-11,4
1046,2013-11-11,2013,11,11,1,Monday,November,2013-11,4
1047,2013-11-12,2013,11,12,2,Tuesday,November,2013-11,4
1048,2013-11-13,2013,11,13,3,Wednesday,November,2013-11,4
1049,2013-11-14,2013,11,14,4,Thursday,November,2013-11,4
1050,2013-11-15,2013,11,15,5,Friday,November,2013-11,4
1051,2013-11-16,2013,11,16,6,Saturday,November,2013-11,4
1052,2013-11-17,2013,11,17,7,Sunday,November,2013-11,4
1053,2013-11-18,2013,11,18,1,Monday,November,2013-11,4
1054,2013-11-19,2013,11,19,2,Tuesday,November,2013-11,4
1055,2013-11-20,2013,11,20,3,Wednesday,November,2013-11,4
1056,2013-11-21,2013,11,21,4,Thursday,November,2013-11,4
1057,2013-11-22,2013,11,22,5,Friday,November,2013-11,4
1058,2013-11-23,2013,11,23,6,Saturday,November,2013-11,4
1059,2013-11-24,2013,11,24,7,Sunday,November,2013-11,4
1060,2013-11-25,2013,11,25,1,Monday,November,2013-11,4
1061,2013-11-26,2013,11,26,2,Tuesday,November,2013-11,4
1062,2013-11-27,2013,11,27,3,Wednesday,November,2013-11,4
1063,2013-11-28,2013,11,28,4,Thursday,November,2013-11,4
1064,2013-11-29,2013,11,29,5,Friday,November,2013-11,4
1065,2013-11-30,2013,11,30,6,Saturday,November,2013-11,4
1066,2013-12-01,2013,12,1,7,Sunday,December,2013-12,4
1067,2013-12-02,2013,12,2,1,Monday,December,2013-12,4
1068,2013-12-03,2013,12,3,2,Tuesday,December,2013-12,4
1069,2013-12-04,2013,12,4,3,Wednesday,December,2013-12,4
1070,2013-12-05,2013,12,5,4,Thursday,December,2013-12,4
1071,2013-12-06,2013,12,6,5,Friday,December,2013-12,4
1072,2013-12-07,2013,12,7,6,Saturday,December,2013-12,4
1073,2013-12-08,2013,12,8,7,Sunday,December,2013-12,4
1074,2013-12-09,2013,12,9,1,Monday,December,2013-12,4
1075,2013-12-10,2013,12,10,2,Tuesday,December,2013-12,4
1076,2013-12-11,2013,12,11,3,Wednesday,December,2013-12,4
1077,2013-12-12,2013,12,12,4,Thursday,December,2013-12,4
1078,2013-12-13,2013,12,13,5,Friday,December,2013-12,4
1079,2013-12-14,2013,12,14,6,Saturday,December,2013-12,4
1080,2013-12-15,2013,12,15,7,Sunday,December,2013-12,4
1081,2013-12-16,2013,12,16,1,Monday,December,2013-12,4
1082,2013-12-17,2013,12,17,2,Tuesday,December,2013-12,4
1083,2013-12-18,2013,12,18,3,Wednesday,December,2013-12,4
1084,2013-12-19,2013,12,19,4,Thursday,December,2013-12,4
1085,2013-12-20,2013,12,20,5,Friday,December,2013-12,4
1086,2013-12-21,2013,12,21,6,Saturday,December,2013-12,4
1087,2013-12-22,2013,12,22,7,Sunday,December,2013-12,4
1088,2013-12-23,2013,12,23,1,Monday,December,2013-12,4
1089,2013-12-24,2013,12,24,2,Tuesday,December,2013-12,4
1090,2013-12-25,2013,12,25,3,Wednesday,December,2013-12,4
1091,2013-12-26,2013,12,26,4,Thursday,December,2013-12,4
1092,2013-12-27,2013,12,27,5,Friday,December,2013-12,4
1093,2013-12-28,2013,12,28,6,Saturday,December,2013-12,4
1094,2013-12-29,2013,12,29,7,Sunday,December,2013-12,4
1095,2013-12-30,2013,12,30,1,Monday,December,2013-12,4
1096,2013-12-31,2013,12,31,2,Tuesday,December,2013-12,4
1097,2014-01-01,2014,1,1,3,Wednesday,January,2014-01,1
1098,2014-01-02,2014,1,2,4,Thursday,January,2014-01,1
1099,2014-01-03,2014,1,3,5,Friday,January,2014-01,1
1100,2014-01-04,2014,1,4,6,Saturday,January,2014-01,1
1101,2014-01-05,2014,1,5,7,Sunday,January,2014-01,1
1102,2014-01-06,2014,1,6,1,Monday,January,2014-01,1
1103,2014-01-07,2014,1,7,2,Tuesday,January,2014-01,1
1104,2014-01-08,2014,1,8,3,Wednesday,January,2014-01,1
1105,2014-01-09,2014,1,9,4,Thursday,January,2014-01,1
1106,2014-01-10,2014,1,10,5,Friday,January,2014-01,1
1107,2014-01-11,2014,1,11,6,Saturday,January,2014-01,1
1108,2014-01-12,2014,1,12,7,Sunday,January,2014-01,1
1109,2014-01-13,2014,1,13,1,Monday,January,2014-01,1
1110,2014-01-14,2014,1,14,2,Tuesday,January,2014-01,1
1111,2014-01-15,2014,1,15,3,Wednesday,January,2014-01,1
1112,2014-01-16,2014,1,16,4,Thursday,January,2014-01,1
1113,2014-01-17,2014,1,17,5,Friday,January,2014-01,1
1114,2014-01-18,2014,1,18,6,Saturday,January,2014-01,1
1115,2014-01-19,2014,1,19,7,Sunday,January,2014-01,1
1116,2014-01-20,2014,1,20,1,Monday,January,2014-01,1
1117,2014-01-21,2014,1,21,2,Tuesday,January,2014-01,1
1118,2014-01-22,2014,1,22,3,Wednesday,January,2014-01,1
1119,2014-01-23,2014,1,23,4,Thursday,January,2014-01,1
1120,2014-01-24,2014,1,24,5,Friday,January,2014-01,1
1121,2014-01-25,2014,1,25,6,Saturday,January,2014-01,1
1122,2014-01-26,2014,1,26,7,Sunday,January,2014-01,1
1123,2014-01-27,2014,1,27,1,Monday,January,2014-01,1
1124,2014-01-28,2014,1,28,2,Tuesday,January,2014-01,1
1125,2014-01-29,2014,1,29,3,Wednesday,January,2014-01,1
1126,2014-01-30,2014,1,30,4,Thursday,January,2014-01,1
1127,2014-01-31,2014,1,31,5,Friday,January,2014-01,1
1128,2014-02-01,2014,2,1,6,Saturday,February,2014-02,1
1129,2014-02-02,2014,2,2,7,Sunday,February,2014-02,1
1130,2014-02-03,2014,2,3,1,Monday,February,2014-02,1
1131,2014-02-04,2014,2,4,2,Tuesday,February,2014-02,1
1132,2014-02-05,2014,2,5,3,Wednesday,February,2014-02,1
1133,2014-02-06,2014,2,6,4,Thursday,February,2014-02,1
1134,2014-02-07,2014,2,7,5,Friday,February,2014-02,1
1135,2014-02-08,2014,2,8,6,Saturday,February,2014-02,1
1136,2014-02-09,2014,2,9,7,Sunday,February,2014-02,1
1137,2014-02-10,2014,2,10,1,Monday,February,2014-02,1
1138,2014-02-11,2014,2,11,2,Tuesday,February,2014-02,1
1139,2014-02-12,2014,2,12,3,Wednesday,February,2014-02,1
1140,2014-02-13,2014,2,13,4,Thursday,February,2014-02,1
1141,2014-02-14,2014,2,14,5,Friday,February,2014-02,1
1142,2014-02-15,2014,2,15,6,Saturday,February,2014-02,1
1143,2014-02-16,2014,2,16,7,Sunday,February,2014-02,1
1144,2014-02-17,2014,2,17,1,Monday,February,2014-02,1
1145,2014-02-18,2014,2,18,2,Tuesday,February,2014-02,1
1146,2014-02-19,2014,2,19,3,Wednesday,February,2014-02,1
1147,2014-02-20,2014,2,20,4,Thursday,February,2014-02,1
1148,2014-02-21,2014,2,21,5,Friday,February,2014-02,1
1149,2014-02-22,2014,2,22,6,Saturday,February,2014-02,1
1150,2014-02-23,2014,2,23,7,Sunday,February,2014-02,1
1151,2014-02-24,2014,2,24,1,Monday,February,2014-02,1
1152,2014-02-25,2014,2,25,2,Tuesday,February,2014-02,1
1153,2014-02-26,2014,2,26,3,Wednesday,February,2014-02,1
1154,2014-02-27,2014,2,27,4,Thursday,February,2014-02,1
1155,2014-02-28,2014,2,28,5,Friday,February,2014-02,1
1156,2014-03-01,2014,3,1,6,Saturday,March,2014-03,1
1157,2014-03-02,2014,3,2,7,Sunday,March,2014-03,1
1158,2014-03-03,2014,3,3,1,Monday,March,2014-03,1
1159,2014-03-04,2014,3,4,2,Tuesday,March,2014-03,1
1160,2014-03-05,2014,3,5,3,Wednesday,March,2014-03,1
1161,2014-03-06,2014,3,6,4,Thursday,March,2014-03,1
1162,2014-03-07,2014,3,7,5,Friday,March,2014-03,1
1163,2014-03-08,2014,3,8,6,Saturday,March,2014-03,1
1164,2014-03-09,2014,3,9,7,Sunday,March,2014-03,1
1165,2014-03-10,2014,3,10,1,Monday,March,2014-03,1
1166,2014-03-11,2014,3,11,2,Tuesday,March,2014-03,1
1167,2014-03-12,2014,3,12,3,Wednesday,March,2014-03,1
1168,2014-03-13,2014,3,13,4,Thursday,March,2014-03,1
1169,2014-03-14,2014,3,14,5,Friday,March,2014-03,1
1170,2014-03-15,2014,3,15,6,Saturday,March,2014-03,1
1171,2014-03-16,2014,3,16,7,Sunday,March,2014-03,1
1172,2014-03-17,2014,3,17,1,Monday,March,2014-03,1
1173,2014-03-18,2014,3,18,2,Tuesday,March,2014-03,1
1174,2014-03-19,2014,3,19,3,Wednesday,March,2014-03,1
1175,2014-03-20,2014,3,20,4,Thursday,March,2014-03,1
1176,2014-03-21,2014,3,21,5,Friday,March,2014-03,1
1177,2014-03-22,2014,3,22,6,Saturday,March,2014-03,1
1178,2014-03-23,2014,3,23,7,Sunday,March,2014-03,1
1179,2014-03-24,2014,3,24,1,Monday,March,2014-03,1
1180,2014-03-25,2014,3,25,2,Tuesday,March,2014-03,1
1181,2014-03-26,2014,3,26,3,Wednesday,March,2014-03,1
1182,2014-03-27,2014,3,27,4,Thursday,March,2014-03,1
1183,2014-03-28,2014,3,28,5,Friday,March,2014-03,1
1184,2014-03-29,2014,3,29,6,Saturday,March,2014-03,1
1185,2014-03-30,2014,3,30,7,Sunday,March,2014-03,1
1186,2014-03-31,2014,3,31,1,Monday,March,2014-03,1
1187,2014-04-01,2014,4,1,2,Tuesday,April,2014-04,2
1188,2014-04-02,2014,4,2,3,Wednesday,April,2014-04,2
1189,2014-04-03,2014,4,3,4,Thursday,April,2014-04,2
1190,2014-04-04,2014,4,4,5,Friday,April,2014-04,2
1191,2014-04-05,2014,4,5,6,Saturday,April,2014-04,2
1192,2014-04-06,2014,4,6,7,Sunday,April,2014-04,2
1193,2014-04-07,2014,4,7,1,Monday,April,2014-04,2
1194,2014-04-08,2014,4,8,2,Tuesday,April,2014-04,2
1195,2014-04-09,2014,4,9,3,Wednesday,April,2014-04,2
1196,2014-04-10,2014,4,10,4,Thursday,April,2014-04,2
1197,2014-04-11,2014,4,11,5,Friday,April,2014-04,2
1198,2014-04-12,2014,4,12,6,Saturday,April,2014-04,2
1199,2014-04-13,2014,4,13,7,Sunday,April,2014-04,2
1200,2014-04-14,2014,4,14,1,Monday,April,2014-04,2
1201,2014-04-15,2014,4,15,2,Tuesday,April,2014-04,2
1202,2014-04-16,2014,4,16,3,Wednesday,April,2014-04,2
1203,2014-04-17,2014,4,17,4,Thursday,April,2014-04,2
1204,2014-04-18,2014,4,18,5,Friday,April,2014-04,2
1205,2014-04-19,2014,4,19,6,Saturday,April,2014-04,2
1206,2014-04-20,2014,4,20,7,Sunday,April,2014-04,2
1207,2014-04-21,2014,4,21,1,Monday,April,2014-04,2
1208,2014-04-22,2014,4,22,2,Tuesday,April,2014-04,2
1209,2014-04-23,2014,4,23,3,Wednesday,April,2014-04,2
1210,2014-04-24,2014,4,24,4,Thursday,April,2014-04,2
1211,2014-04-25,2014,4,25,5,Friday,April,2014-04,2
1212,2014-04-26,2014,4,26,6,Saturday,April,2014-04,2
1213,2014-04-27,2014,4,27,7,Sunday,April,2014-04,2
1214,2014-04-28,2014,4,28,1,Monday,April,2014-04,2
1215,2014-04-29,2014,4,29,2,Tuesday,April,2014-04,2
1216,2014-04-30,2014,4,30,3,Wednesday,April,2014-04,2
1217,2014-05-01,2014,5,1,4,Thursday,May,2014-05,2
1218,2014-05-02,2014,5,2,5,Friday,May,2014-05,2
1219,2014-05-03,2014,5,3,6,Saturday,May,2014-05,2
1220,2014-05-04,2014,5,4,7,Sunday,May,2014-05,2
1221,2014-05-05,2014,5,5,1,Monday,May,2014-05,2
1222,2014-05-06,2014,5,6,2,Tuesday,May,2014-05,2
1223,2014-05-07,2014,5,7,3,Wednesday,May,2014-05,2
1224,2014-05-08,2014,5,8,4,Thursday,May,2014-05,2
1225,2014-05-09,2014,5,9,5,Friday,May,2014-05,2
1226,2014-05-10,2014,5,10,6,Saturday,May,2014-05,2
1227,2014-05-11,2014,5,11,7,Sunday,May,2014-05,2
1228,2014-05-12,2014,5,12,1,Monday,May,2014-05,2
1229,2014-05-13,2014,5,13,2,Tuesday,May,2014-05,2
1230,2014-05-14,2014,5,14,3,Wednesday,May,2014-05,2
1231,2014-05-15,2014,5,15,4,Thursday,May,2014-05,2
1232,2014-05-16,2014,5,16,5,Friday,May,2014-05,2
1233,2014-05-17,2014,5,17,6,Saturday,May,2014-05,2
1234,2014-05-18,2014,5,18,7,Sunday,May,2014-05,2
1235,2014-05-19,2014,5,19,1,Monday,May,2014-05,2
1236,2014-05-20,2014,5,20,2,Tuesday,May,2014-05,2
1237,2014-05-21,2014,5,21,3,Wednesday,May,2014-05,2
1238,2014-05-22,2014,5,22,4,Thursday,May,2014-05,2
1239,2014-05-23,2014,5,23,5,Friday,May,2014-05,2
1240,2014-05-24,2014,5,24,6,Saturday,May,2014-05,2
1241,2014-05-25,2014,5,25,7,Sunday,May,2014-05,2
1242,2014-05-26,2014,5,26,1,Monday,May,2014-05,2
1243,2014-05-27,2014,5,27,2,Tuesday,May,2014-05,2
1244,2014-05-28,2014,5,28,3,Wednesday,May,2014-05,2
1245,2014-05-29,2014,5,29,4,Thursday,May,2014-05,2
1246,2014-05-30,2014,5,30,5,Friday,May,2014-05,2
1247,2014-05-31,2014,5,31,6,Saturday,May,2014-05,2
1248,2014-06-01,2014,6,1,7,Sunday,June,2014-06,2
1249,2014-06-02,2014,6,2,1,Monday,June,2014-06,2
1250,2014-06-03,2014,6,3,2,Tuesday,June,2014-06,2
1251,2014-06-04,2014,6,4,3,Wednesday,June,2014-06,2
1252,2014-06-05,2014,6,5,4,Thursday,June,2014-06,2
1253,2014-06-06,2014,6,6,5,Friday,June,2014-06,2
1254,2014-06-07,2014,6,7,6,Saturday,June,2014-06,2
1255,2014-06-08,2014,6,8,7,Sunday,June,2014-06,2
1256,2014-06-09,2014,6,9,1,Monday,June,2014-06,2
1257,2014-06-10,2014,6,10,2,Tuesday,June,2014-06,2
1258,2014-06-11,2014,6,11,3,Wednesday,June,2014-06,2
1259,2014-06-12,2014,6,12,4,Thursday,June,2014-06,2
1260,2014-06-13,2014,6,13,5,Friday,June,2014-06,2
1261,2014-06-14,2014,6,14,6,Saturday,June,2014-06,2
1262,2014-06-15,2014,6,15,7,Sunday,June,2014-06,2
1263,2014-06-16,2014,6,16,1,Monday,June,2014-06,2
1264,2014-06-17,2014,6,17,2,Tuesday,June,2014-06,2
1265,2014-06-18,2014,6,18,3,Wednesday,June,2014-06,2
1266,2014-06-19,2014,6,19,4,Thursday,June,2014-06,2
1267,2014-06-20,2014,6,20,5,Friday,June,2014-06,2
1268,2014-06-21,2014,6,21,6,Saturday,June,2014-06,2
1269,2014-06-22,2014,6,22,7,Sunday,June,2014-06,2
1270,2014-06-23,2014,6,23,1,Monday,June,2014-06,2
1271,2014-06-24,2014,6,24,2,Tuesday,June,2014-06,2
1272,2014-06-25,2014,6,25,3,Wednesday,June,2014-06,2
1273,2014-06-26,2014,6,26,4,Thursday,June,2014-06,2
1274,2014-06-27,2014,6,27,5,Friday,June,2014-06,2
1275,2014-06-28,2014,6,28,6,Saturday,June,2014-06,2
1276,2014-06-29,2014,6,29,7,Sunday,June,2014-06,2
1277,2014-06-30,2014,6,30,1,Monday,June,2014-06,2
1278,2014-07-01,2014,7,1,2,Tuesday,July,2014-07,3
1279,2014-07-02,2014,7,2,3,Wednesday,July,2014-07,3
1280,2014-07-03,2014,7,3,4,Thursday,July,2014-07,3
1281,2014-07-04,2014,7,4,5,Friday,July,2014-07,3
1282,2014-07-05,2014,7,5,6,Saturday,July,2014-07,3
1283,2014-07-06,2014,7,6,7,Sunday,July,2014-07,3
1284,2014-07-07,2014,7,7,1,Monday,July,2014-07,3
1285,2014-07-08,2014,7,8,2,Tuesday,July,2014-07,3
1286,2014-07-09,2014,7,9,3,Wednesday,July,2014-07,3
1287,2014-07-10,2014,7,10,4,Thursday,July,2014-07,3
1288,2014-07-11,2014,7,11,5,Friday,July,2014-07,3
1289,2014-07-12,2014,7,12,6,Saturday,July,2014-07,3
1290,2014-07-13,2014,7,13,7,Sunday,July,2014-07,3
1291,2014-07-14,2014,7,14,1,Monday,July,2014-07,3
1292,2014-07-15,2014,7,15,2,Tuesday,July,2014-07,3
1293,2014-07-16,2014,7,16,3,Wednesday,July,2014-07,3
1294,2014-07-17,2014,7,17,4,Thursday,July,2014-07,3
1295,2014-07-18,2014,7,18,5,Friday,July,2014-07,3
1296,2014-07-19,2014,7,19,6,Saturday,July,2014-07,3
1297,2014-07-20,2014,7,20,7,Sunday,July,2014-07,3
1298,2014-07-21,2014,7,21,1,Monday,July,2014-07,3
1299,2014-07-22,2014,7,22,2,Tuesday,July,2014-07,3
1300,2014-07-23,2014,7,23,3,Wednesday,July,2014-07,3
1301,2014-07-24,2014,7,24,4,Thursday,July,2014-07,3
1302,2014-07-25,2014,7,25,5,Friday,July,2014-07,3
1303,2014-07-26,2014,7,26,6,Saturday,July,2014-07,3
1304,2014-07-27,2014,7,27,7,Sunday,July,2014-07,3
1305,2014-07-28,2014,7,28,1,Monday,July,2014-07,3
1306,2014-07-29,2014,7,29,2,Tuesday,July,2014-07,3
1307,2014-07-30,2014,7,30,3,Wednesday,July,2014-07,3
1308,2014-07-31,2014,7,31,4,Thursday,July,2014-07,3
1309,2014-08-01,2014,8,1,5,Friday,August,2014-08,3
1310,2014-08-02,2014,8,2,6,Saturday,August,2014-08,3
1311,2014-08-03,2014,8,3,7,Sunday,August,2014-08,3
1312,2014-08-04,2014,8,4,1,Monday,August,2014-08,3
1313,2014-08-05,2014,8,5,2,Tuesday,August,2014-08,3
1314,2014-08-06,2014,8,6,3,Wednesday,August,2014-08,3
1315,2014-08-07,2014,8,7,4,Thursday,August,2014-08,3
1316,2014-08-08,2014,8,8,5,Friday,August,2014-08,3
1317,2014-08-09,2014,8,9,6,Saturday,August,2014-08,3
1318,2014-08-10,2014,8,10,7,Sunday,August,2014-08,3
1319,2014-08-11,2014,8,11,1,Monday,August,2014-08,3
1320,2014-08-12,2014,8,12,2,Tuesday,August,2014-08,3
1321,2014-08-13,2014,8,13,3,Wednesday,August,2014-08,3
1322,2014-08-14,2014,8,14,4,Thursday,August,2014-08,3
1323,2014-08-15,2014,8,15,5,Friday,August,2014-08,3
1324,2014-08-16,2014,8,16,6,Saturday,August,2014-08,3
1325,2014-08-17,2014,8,17,7,Sunday,August,2014-08,3
1326,2014-08-18,2014,8,18,1,Monday,August,2014-08,3
1327,2014-08-19,2014,8,19,2,Tuesday,August,2014-08,3
1328,2014-08-20,2014,8,20,3,Wednesday,August,2014-08,3
1329,2014-08-21,2014,8,21,4,Thursday,August,2014-08,3
1330,2014-08-22,2014,8,22,5,Friday,August,2014-08,3
1331,2014-08-23,2014,8,23,6,Saturday,August,2014-08,3
1332,2014-08-24,2014,8,24,7,Sunday,August,2014-08,3
1333,2014-08-25,2014,8,25,1,Monday,August,2014-08,3
1334,2014-08-26,2014,8,26,2,Tuesday,August,2014-08,3
1335,2014-08-27,2014,8,27,3,Wednesday,August,2014-08,3
1336,2014-08-28,2014,8,28,4,Thursday,August,2014-08,3
1337,2014-08-29,2014,8,29,5,Friday,August,2014-08,3
1338,2014-08-30,2014,8,30,6,Saturday,August,2014-08,3
1339,2014-08-31,2014,8,31,7,Sunday,August,2014-08,3
1340,2014-09-01,2014,9,1,1,Monday,September,2014-09,3
1341,2014-09-02,2014,9,2,2,Tuesday,September,2014-09,3
1342,2014-09-03,2014,9,3,3,Wednesday,September,2014-09,3
1343,2014-09-04,2014,9,4,4,Thursday,September,2014-09,3
1344,2014-09-05,2014,9,5,5,Friday,September,2014-09,3
1345,2014-09-06,2014,9,6,6,Saturday,September,2014-09,3
1346,2014-09-07,2014,9,7,7,Sunday,September,2014-09,3
1347,2014-09-08,2014,9,8,1,Monday,September,2014-09,3
1348,2014-09-09,2014,9,9,2,Tuesday,September,2014-09,3
1349,2014-09-10,2014,9,10,3,Wednesday,September,2014-09,3
1350,2014-09-11,2014,9,11,4,Thursday,September,2014-09,3
1351,2014-09-12,2014,9,12,5,Friday,September,2014-09,3
1352,2014-09-13,2014,9,13,6,Saturday,September,2014-09,3
1353,2014-09-14,2014,9,14,7,Sunday,September,2014-09,3
1354,2014-09-15,2014,9,15,1,Monday,September,2014-09,3
1355,2014-09-16,2014,9,16,2,Tuesday,September,2014-09,3
1356,2014-09-17,2014,9,17,3,Wednesday,September,2014-09,3
1357,2014-09-18,2014,9,18,4,Thursday,September,2014-09,3
1358,2014-09-19,2014,9,19,5,Friday,September,2014-09,3
1359,2014-09-20,2014,9,20,6,Saturday,September,2014-09,3
1360,2014-09-21,2014,9,21,7,Sunday,September,2014-09,3
1361,2014-09-22,2014,9,22,1,Monday,September,2014-09,3
1362,2014-09-23,2014,9,23,2,Tuesday,September,2014-09,3
1363,2014-09-24,2014,9,24,3,Wednesday,September,2014-09,3
1364,2014-09-25,2014,9,25,4,Thursday,September,2014-09,3
1365,2014-09-26,2014,9,26,5,Friday,September,2014-09,3
1366,2014-09-27,2014,9,27,6,Saturday,September,2014-09,3
1367,2014-09-28,2014,9,28,7,Sunday,September,2014-09,3
1368,2014-09-29,2014,9,29,1,Monday,September,2014-09,3
1369,2014-09-30,2014,9,30,2,Tuesday,September,2014-09,3
1370,2014-10-01,2014,10,1,3,Wednesday,October,2014-10,4
1371,2014-10-02,2014,10,2,4,Thursday,October,2014-10,4
1372,2014-10-03,2014,10,3,5,Friday,October,2014-10,4
1373,2014-10-04,2014,10,4,6,Saturday,October,2014-10,4
1374,2014-10-05,2014,10,5,7,Sunday,October,2014-10,4
1375,2014-10-06,2014,10,6,1,Monday,October,2014-10,4
1376,2014-10-07,2014,10,7,2,Tuesday,October,2014-10,4
1377,2014-10-08,2014,10,8,3,Wednesday,October,2014-10,4
1378,2014-10-09,2014,10,9,4,Thursday,October,2014-10,4
1379,2014-10-10,2014,10,10,5,Friday,October,2014-10,4
1380,2014-10-11,2014,10,11,6,Saturday,October,2014-10,4
1381,2014-10-12,2014,10,12,7,Sunday,October,2014-10,4
1382,2014-10-13,2014,10,13,1,Monday,October,2014-10,4
1383,2014-10-14,2014,10,14,2,Tuesday,October,2014-10,4
1384,2014-10-15,2014,10,15,3,Wednesday,October,2014-10,4
1385,2014-10-16,2014,10,16,4,Thursday,October,2014-10,4
1386,2014-10-17,2014,10,17,5,Friday,October,2014-10,4
1387,2014-10-18,2014,10,18,6,Saturday,October,2014-10,4
1388,2014-10-19,2014,10,19,7,Sunday,October,2014-10,4
1389,2014-10-20,2014,10,20,1,Monday,October,2014-10,4
1390,2014-10-21,2014,10,21,2,Tuesday,October,2014-10,4
1391,2014-10-22,2014,10,22,3,Wednesday,October,2014-10,4
1392,2014-10-23,2014,10,23,4,Thursday,October,2014-10,4
1393,2014-10-24,2014,10,24,5,Friday,October,2014-10,4
1394,2014-10-25,2014,10,25,6,Saturday,October,2014-10,4
1395,2014-10-26,2014,10,26,7,Sunday,October,2014-10,4
1396,2014-10-27,2014,10,27,1,Monday,October,2014-10,4
1397,2014-10-28,2014,10,28,2,Tuesday,October,2014-10,4
1398,2014-10-29,2014,10,29,3,Wednesday,October,2014-10,4
1399,2014-10-30,2014,10,30,4,Thursday,October,2014-10,4
1400,2014-10-31,2014,10,31,5,Friday,October,2014-10,4
1401,2014-11-01,2014,11,1,6,Saturday,November,2014-11,4
1402,2014-11-02,2014,11,2,7,Sunday,November,2014-11,4
1403,2014-11-03,2014,11,3,1,Monday,November,2014-11,4
1404,2014-11-04,2014,11,4,2,Tuesday,November,2014-11,4
1405,2014-11-05,2014,11,5,3,Wednesday,November,2014-11,4
1406,2014-11-06,2014,11,6,4,Thursday,November,2014-11,4
1407,2014-11-07,2014,11,7,5,Friday,November,2014-11,4
1408,2014-11-08,2014,11,8,6,Saturday,November,2014-11,4
1409,2014-11-09,2014,11,9,7,Sunday,November,2014-11,4
1410,2014-11-10,2014,11,10,1,Monday,November,2014-11,4
1411,2014-11-11,2014,11,11,2,Tuesday,November,2014-11,4
1412,2014-11-12,2014,11,12,3,Wednesday,November,2014-11,4
1413,2014-11-13,2014,11,13,4,Thursday,November,2014-11,4
1414,2014-11-14,2014,11,14,5,Friday,November,2014-11,4
1415,2014-11-15,2014,11,15,6,Saturday,November,2014-11,4
1416,2014-11-16,2014,11,16,7,Sunday,November,2014-11,4
1417,2014-11-17,2014,11,17,1,Monday,November,2014-11,4
1418,2014-11-18,2014,11,18,2,Tuesday,November,2014-11,4
1419,2014-11-19,2014,11,19,3,Wednesday,November,2014-11,4
1420,2014-11-20,2014,11,20,4,Thursday,November,2014-11,4
1421,2014-11-21,2014,11,21,5,Friday,November,2014-11,4
1422,2014-11-22,2014,11,22,6,Saturday,November,2014-11,4
1423,2014-11-23,2014,11,23,7,Sunday,November,2014-11,4
1424,2014-11-24,2014,11,24,1,Monday,November,2014-11,4
1425,2014-11-25,2014,11,25,2,Tuesday,November,2014-11,4
1426,2014-11-26,2014,11,26,3,Wednesday,November,2014-11,4
1427,2014-11-27,2014,11,27,4,Thursday,November,2014-11,4
1428,2014-11-28,2014,11,28,5,Friday,November,2014-11,4
1429,2014-11-29,2014,11,29,6,Saturday,November,2014-11,4
1430,2014-11-30,2014,11,30,7,Sunday,November,2014-11,4
1431,2014-12-01,2014,12,1,1,Monday,December,2014-12,4
1432,2014-12-02,2014,12,2,2,Tuesday,December,2014-12,4
1433,2014-12-03,2014,12,3,3,Wednesday,December,2014-12,4
1434,2014-12-04,2014,12,4,4,Thursday,December,2014-12,4
1435,2014-12-05,2014,12,5,5,Friday,December,2014-12,4
1436,2014-12-06,2014,12,6,6,Saturday,December,2014-12,4
1437,2014-12-07,2014,12,7,7,Sunday,December,2014-12,4
1438,2014-12-08,2014,12,8,1,Monday,December,2014-12,4
1439,2014-12-09,2014,12,9,2,Tuesday,December,2014-12,4
1440,2014-12-10,2014,12,10,3,Wednesday,December,2014-12,4
1441,2014-12-11,2014,12,11,4,Thursday,December,2014-12,4
1442,2014-12-12,2014,12,12,5,Friday,December,2014-12,4
1443,2014-12-13,2014,12,13,6,Saturday,December,2014-12,4
1444,2014-12-14,2014,12,14,7,Sunday,December,2014-12,4
1445,2014-12-15,2014,12,15,1,Monday,December,2014-12,4
1446,2014-12-16,2014,12,16,2,Tuesday,December,2014-12,4
1447,2014-12-17,2014,12,17,3,Wednesday,December,2014-12,4
1448,2014-12-18,2014,12,18,4,Thursday,December,2014-12,4
1449,2014-12-19,2014,12,19,5,Friday,December,2014-12,4
1450,2014-12-20,2014,12,20,6,Saturday,December,2014-12,4
1451,2014-12-21,2014,12,21,7,Sunday,December,2014-12,4
1452,2014-12-22,2014,12,22,1,Monday,December,2014-12,4
1453,2014-12-23,2014,12,23,2,Tuesday,December,2014-12,4
1454,2014-12-24,2014,12,24,3,Wednesday,December,2014-12,4
1455,2014-12-25,2014,12,25,4,Thursday,December,2014-12,4
1456,2014-12-26,2014,12,26,5,Friday,December,2014-12,4
1457,2014-12-27,2014,12,27,6,Saturday,December,2014-12,4
1458,2014-12-28,2014,12,28,7,Sunday,December,2014-12,4
1459,2014-12-29,2014,12,29,1,Monday,December,2014-12,4
1460,2014-12-30,2014,12,30,2,Tuesday,December,2014-12,4
1461,2014-12-31,2014,12,31,3,Wednesday,December,2014-12,4
1462,2015-01-01,2015,1,1,4,Thursday,January,2015-01,1
1463,2015-01-02,2015,1,2,5,Friday,January,2015-01,1
1464,2015-01-03,2015,1,3,6,Saturday,January,2015-01,1
1465,2015-01-04,2015,1,4,7,Sunday,January,2015-01,1
1466,2015-01-05,2015,1,5,1,Monday,January,2015-01,1
1467,2015-01-06,2015,1,6,2,Tuesday,January,2015-01,1
1468,2015-01-07,2015,1,7,3,Wednesday,January,2015-01,1
